"Purchase ID","First Name","Last Name","Customer Email","Intro Offer ID","Intro Offer Name","Purchase date","Paid Amount","Intro Offer Type","Remaining/ Expiry","Payment Token","Expired","Refunded","Sold by"
"60000000","Thomas","Thomas","thomas.thomas@example.com","300000","Unlimited 14 Day Intro Package","2025-09-13T03:09:00.000Z","49.00","pack","2025-10-13T03:09:00.000Z","pi_n45hbizagzm","No","0.00",""
"60000001","David","Jones","david.jones@example.com","300001","Unlimited 14 Day Intro Package","2025-09-09T01:53:00.000Z","49.00","pack","2025-10-09T01:53:00.000Z","pi_um264unvtpg","No","0.00",""
"60000002","Thomas","Hernandez","thomas.hernandez@example.com","300002","New Flyer 6 Class Pack","2025-09-01T01:49:00.000Z","69.00","pack","2025-10-01T01:49:00.000Z","pi_qjn3cf9dkr","No","0.00",""
"60000003","John","Johnson","john.johnson@example.com","300003","New Flyer 6 Class Pack","2025-09-17T03:13:00.000Z","69.00","pack","2025-10-17T03:13:00.000Z","pi_gd5j2s9u4nr","No","0.00",""
"60000004","James","Taylor","james.taylor@example.com","300004","New Flyer 6 Class Pack","2025-09-14T19:08:00.000Z","69.00","pack","2025-10-14T19:08:00.000Z","pi_evvcfkun5ja","No","0.00",""
"60000005","Amelia","Hernandez","amelia.hernandez@example.com","300005","Unlimited 14 Day Intro Package","2025-09-03T06:36:00.000Z","49.00","pack","2025-10-03T06:36:00.000Z","pi_l7zymdl6a9","No","0.00",""
"60000006","Amelia","Rodriguez","amelia.rodriguez@example.com","300006","New Flyer 3 Class Pack","2025-09-24T05:29:00.000Z","59.00","pack","2025-10-24T05:29:00.000Z","pi_e6jxr18wqvh","No","0.00",""
"60000007","Isabella","Johnson","isabella.johnson@example.com","300007","New Flyer 3 Class Pack","2025-09-25T17:28:00.000Z","59.00","pack","2025-10-25T17:28:00.000Z","pi_19cs0uazin6","No","0.00",""
"60000008","Emma","Hernandez","emma.hernandez@example.com","300008","New Flyer 6 Class Pack","2025-09-06T02:50:00.000Z","69.00","pack","2025-10-06T02:50:00.000Z","pi_wcurxamxqye","No","0.00",""
"60000009","Joseph","Garcia","joseph.garcia@example.com","300009","New Flyer 3 Class Pack","2025-09-16T21:42:00.000Z","59.00","pack","2025-10-16T21:42:00.000Z","pi_6liggjntqns","No","0.00",""
"60000010","Daniel","Jones","daniel.jones@example.com","300010","New Flyer 3 Class Pack","2025-09-09T04:16:00.000Z","59.00","pack","2025-10-09T04:16:00.000Z","pi_lxwhy4jk3c","No","0.00",""
"60000011","Michael","Smith","michael.smith@example.com","300011","New Flyer 6 Class Pack","2025-09-26T02:49:00.000Z","69.00","pack","2025-10-26T03:49:00.000Z","pi_fiyxdb61e4e","No","0.00",""
"60000012","Mia","Lopez","mia.lopez@example.com","300012","Unlimited 14 Day Intro Package","2025-09-14T11:07:00.000Z","49.00","pack","2025-10-14T11:07:00.000Z","pi_ckj6g4igbzk","No","0.00",""
"60000013","Charlotte","Thomas","charlotte.thomas@example.com","300013","Unlimited 14 Day Intro Package","2025-09-26T22:54:00.000Z","49.00","pack","2025-10-26T23:54:00.000Z","pi_lgzmzt0lta9","No","0.00",""
"60000014","Sophia","Thomas","sophia.thomas@example.com","300014","Unlimited 14 Day Intro Package","2025-09-21T06:19:00.000Z","49.00","pack","2025-10-21T06:19:00.000Z","pi_r82rrk48blc","No","0.00",""
"60000015","Joseph","Martin","joseph.martin@example.com","300015","Unlimited 14 Day Intro Package","2025-09-19T16:31:00.000Z","49.00","pack","2025-10-19T16:31:00.000Z","pi_kmsepz7k6se","No","0.00",""
"60000016","Thomas","Jackson","thomas.jackson@example.com","300016","New Flyer 3 Class Pack","2025-09-10T23:21:00.000Z","59.00","pack","2025-10-10T23:21:00.000Z","pi_5t5jf77jpfh","No","0.00",""
"60000017","Michael","Smith","michael.smith@example.com","300017","Unlimited 14 Day Intro Package","2025-09-27T20:01:00.000Z","49.00","pack","2025-10-27T21:01:00.000Z","pi_gt11b5cx3ks","No","0.00",""
"60000018","Amelia","Lopez","amelia.lopez@example.com","300018","New Flyer 3 Class Pack","2025-09-01T15:41:00.000Z","59.00","pack","2025-10-01T15:41:00.000Z","pi_9spjtmgs86","No","0.00",""
"60000019","Olivia","Wilson","olivia.wilson@example.com","300019","New Flyer 6 Class Pack","2025-09-07T16:20:00.000Z","69.00","pack","2025-10-07T16:20:00.000Z","pi_6gxz1gh2cv","No","0.00",""
"60000020","Robert","Taylor","robert.taylor@example.com","300020","New Flyer 3 Class Pack","2025-09-14T14:29:00.000Z","59.00","pack","2025-10-14T14:29:00.000Z","pi_4sjie7bgl3","No","0.00",""
"60000021","Emma","Thomas","emma.thomas@example.com","300021","New Flyer 6 Class Pack","2025-09-12T08:41:00.000Z","69.00","pack","2025-10-12T08:41:00.000Z","pi_yk4vtsdp8","No","0.00",""
"60000022","Emma","Moore","emma.moore@example.com","300022","New Flyer 6 Class Pack","2025-09-26T07:34:00.000Z","69.00","pack","2025-10-26T08:34:00.000Z","pi_kp8wfayjums","No","0.00",""
"60000023","Harper","Williams","harper.williams@example.com","300023","Unlimited 14 Day Intro Package","2025-09-28T21:00:00.000Z","49.00","pack","2025-10-28T22:00:00.000Z","pi_ogctb7cji7m","No","0.00",""
"60000024","Olivia","Wilson","olivia.wilson@example.com","300024","New Flyer 6 Class Pack","2025-09-12T13:59:00.000Z","69.00","pack","2025-10-12T13:59:00.000Z","pi_608ekeuyx5d","No","0.00",""
"60000025","James","Thomas","james.thomas@example.com","300025","New Flyer 3 Class Pack","2025-09-15T14:51:00.000Z","59.00","pack","2025-10-15T14:51:00.000Z","pi_riry6f0red","No","0.00",""
"60000026","Ava","Martinez","ava.martinez@example.com","300026","Unlimited 14 Day Intro Package","2025-09-21T23:58:00.000Z","49.00","pack","2025-10-21T23:58:00.000Z","pi_7x7sv6wzrci","No","0.00",""
"60000027","Isabella","Gonzalez","isabella.gonzalez@example.com","300027","New Flyer 3 Class Pack","2025-09-01T17:13:00.000Z","59.00","pack","2025-10-01T17:13:00.000Z","pi_kuabzp5b5r","No","0.00",""
"60000028","Charles","Anderson","charles.anderson@example.com","300028","New Flyer 6 Class Pack","2025-09-10T13:25:00.000Z","69.00","pack","2025-10-10T13:25:00.000Z","pi_4hotpumdghk","No","0.00",""
"60000029","Joseph","Rodriguez","joseph.rodriguez@example.com","300029","New Flyer 6 Class Pack","2025-09-23T12:58:00.000Z","69.00","pack","2025-10-23T12:58:00.000Z","pi_gtsykiag037","No","0.00",""
"60000030","Joseph","Martinez","joseph.martinez@example.com","300030","Unlimited 14 Day Intro Package","2025-09-07T22:45:00.000Z","49.00","pack","2025-10-07T22:45:00.000Z","pi_a1z7tdghaol","No","0.00",""
"60000031","Ava","Rodriguez","ava.rodriguez@example.com","300031","New Flyer 6 Class Pack","2025-09-27T22:06:00.000Z","69.00","pack","2025-10-27T23:06:00.000Z","pi_148z8xqen18","No","0.00",""
"60000032","Emma","Rodriguez","emma.rodriguez@example.com","300032","New Flyer 3 Class Pack","2025-09-24T01:06:00.000Z","59.00","pack","2025-10-24T01:06:00.000Z","pi_mbqeyxfolqf","No","0.00",""
"60000033","James","Moore","james.moore@example.com","300033","New Flyer 3 Class Pack","2025-09-25T13:50:00.000Z","59.00","pack","2025-10-25T13:50:00.000Z","pi_fcstnyazqx","No","0.00",""
"60000034","David","Hernandez","david.hernandez@example.com","300034","New Flyer 6 Class Pack","2025-09-02T00:18:00.000Z","69.00","pack","2025-10-02T00:18:00.000Z","pi_w8nv4d9x7ia","No","0.00",""
"60000035","Ava","Martinez","ava.martinez@example.com","300035","New Flyer 6 Class Pack","2025-09-14T22:15:00.000Z","69.00","pack","2025-10-14T22:15:00.000Z","pi_2czehmn17tf","No","0.00",""
"60000036","Mia","Lopez","mia.lopez@example.com","300036","New Flyer 6 Class Pack","2025-09-28T02:37:00.000Z","69.00","pack","2025-10-28T03:37:00.000Z","pi_bqmfj8c6kb4","No","0.00",""
"60000037","John","Smith","john.smith@example.com","300037","New Flyer 3 Class Pack","2025-09-01T10:33:00.000Z","59.00","pack","2025-10-01T10:33:00.000Z","pi_qkhl2m1gyi","No","0.00",""
"60000038","Harper","Martin","harper.martin@example.com","300038","Unlimited 14 Day Intro Package","2025-09-16T03:32:00.000Z","49.00","pack","2025-10-16T03:32:00.000Z","pi_ujcxpr0u9b","No","0.00",""
"60000039","Charlotte","Moore","charlotte.moore@example.com","300039","New Flyer 6 Class Pack","2025-09-22T17:32:00.000Z","69.00","pack","2025-10-22T17:32:00.000Z","pi_r47f8y0owk","No","0.00",""
"60000040","Michael","Jackson","michael.jackson@example.com","300040","New Flyer 3 Class Pack","2025-09-11T04:03:00.000Z","59.00","pack","2025-10-11T04:03:00.000Z","pi_yathpctkr2b","No","0.00",""
"60000041","Charlotte","Jackson","charlotte.jackson@example.com","300041","New Flyer 3 Class Pack","2025-09-11T20:19:00.000Z","59.00","pack","2025-10-11T20:19:00.000Z","pi_mflwj4f9wle","No","0.00",""
"60000042","Isabella","Jackson","isabella.jackson@example.com","300042","New Flyer 6 Class Pack","2025-09-23T01:45:00.000Z","69.00","pack","2025-10-23T01:45:00.000Z","pi_l9rituqhy9s","No","0.00",""
"60000043","Harper","Martinez","harper.martinez@example.com","300043","Unlimited 14 Day Intro Package","2025-09-20T18:21:00.000Z","49.00","pack","2025-10-20T18:21:00.000Z","pi_s6ff9ugvucf","No","0.00",""
"60000044","Thomas","Moore","thomas.moore@example.com","300044","New Flyer 3 Class Pack","2025-09-12T13:33:00.000Z","59.00","pack","2025-10-12T13:33:00.000Z","pi_xcsjlblgw28","No","0.00",""
"60000045","Robert","Martin","robert.martin@example.com","300045","New Flyer 3 Class Pack","2025-09-23T03:39:00.000Z","59.00","pack","2025-10-23T03:39:00.000Z","pi_w6gafs5u32","No","0.00",""
"60000046","Harper","Thomas","harper.thomas@example.com","300046","New Flyer 3 Class Pack","2025-09-26T07:11:00.000Z","59.00","pack","2025-10-26T08:11:00.000Z","pi_jkq7htueoyr","No","0.00",""
"60000047","Mia","Gonzalez","mia.gonzalez@example.com","300047","New Flyer 6 Class Pack","2025-09-01T17:29:00.000Z","69.00","pack","2025-10-01T17:29:00.000Z","pi_ovu69u30sn","No","0.00",""
"60000048","John","Jackson","john.jackson@example.com","300048","Unlimited 14 Day Intro Package","2025-09-17T00:52:00.000Z","49.00","pack","2025-10-17T00:52:00.000Z","pi_pbfp4i1gffc","No","0.00",""
"60000049","William","Moore","william.moore@example.com","300049","New Flyer 3 Class Pack","2025-09-01T10:03:00.000Z","59.00","pack","2025-10-01T10:03:00.000Z","pi_pwobd5h0tcf","No","0.00",""
"60000050","William","Lopez","william.lopez@example.com","300050","New Flyer 3 Class Pack","2025-09-08T06:30:00.000Z","59.00","pack","2025-10-08T06:30:00.000Z","pi_mlo7gqu8jg","No","0.00",""
"60000051","John","Anderson","john.anderson@example.com","300051","New Flyer 3 Class Pack","2025-09-04T04:56:00.000Z","59.00","pack","2025-10-04T04:56:00.000Z","pi_1vdt1cnc0l9","No","0.00",""
"60000052","Harper","Johnson","harper.johnson@example.com","300052","Unlimited 14 Day Intro Package","2025-09-11T06:18:00.000Z","49.00","pack","2025-10-11T06:18:00.000Z","pi_ihr5o2xisnj","No","0.00",""
"60000053","Sophia","Brown","sophia.brown@example.com","300053","New Flyer 6 Class Pack","2025-09-19T00:08:00.000Z","69.00","pack","2025-10-19T00:08:00.000Z","pi_p77xlzpca7","No","0.00",""
"60000054","Charles","Smith","charles.smith@example.com","300054","New Flyer 3 Class Pack","2025-09-16T03:12:00.000Z","59.00","pack","2025-10-16T03:12:00.000Z","pi_ygyp5cofrid","No","0.00",""
"60000055","William","Jackson","william.jackson@example.com","300055","New Flyer 6 Class Pack","2025-09-21T13:19:00.000Z","69.00","pack","2025-10-21T13:19:00.000Z","pi_6ruddzz1mqq","No","0.00",""
"60000056","Charlotte","Martin","charlotte.martin@example.com","300056","Unlimited 14 Day Intro Package","2025-09-19T16:23:00.000Z","49.00","pack","2025-10-19T16:23:00.000Z","pi_2na27ogsi9","No","0.00",""
"60000057","Emma","Martinez","emma.martinez@example.com","300057","New Flyer 6 Class Pack","2025-09-02T03:18:00.000Z","69.00","pack","2025-10-02T03:18:00.000Z","pi_f68j9r6gws9","No","0.00",""
"60000058","Olivia","Taylor","olivia.taylor@example.com","300058","New Flyer 3 Class Pack","2025-09-26T00:27:00.000Z","59.00","pack","2025-10-26T00:27:00.000Z","pi_5trk2lryklb","No","0.00",""
"60000059","Charlotte","Miller","charlotte.miller@example.com","300059","New Flyer 6 Class Pack","2025-09-25T19:06:00.000Z","69.00","pack","2025-10-25T19:06:00.000Z","pi_6ll3ngh4mpx","No","0.00",""
"60000060","Thomas","Rodriguez","thomas.rodriguez@example.com","300060","New Flyer 6 Class Pack","2025-09-20T00:26:00.000Z","69.00","pack","2025-10-20T00:26:00.000Z","pi_yycb2r1skm","No","0.00",""
"60000061","Sophia","Anderson","sophia.anderson@example.com","300061","New Flyer 3 Class Pack","2025-09-17T18:51:00.000Z","59.00","pack","2025-10-17T18:51:00.000Z","pi_0wglgix7qe9j","No","0.00",""
"60000062","Evelyn","Jackson","evelyn.jackson@example.com","300062","New Flyer 6 Class Pack","2025-09-03T15:15:00.000Z","69.00","pack","2025-10-03T15:15:00.000Z","pi_omhva4rsn6n","No","0.00",""
"60000063","John","Moore","john.moore@example.com","300063","New Flyer 6 Class Pack","2025-09-21T05:43:00.000Z","69.00","pack","2025-10-21T05:43:00.000Z","pi_uksni1bxnyd","No","0.00",""
"60000064","James","Brown","james.brown@example.com","300064","New Flyer 6 Class Pack","2025-09-18T11:32:00.000Z","69.00","pack","2025-10-18T11:32:00.000Z","pi_celpvv9geze","No","0.00",""
"60000065","Robert","Moore","robert.moore@example.com","300065","New Flyer 6 Class Pack","2025-09-05T08:54:00.000Z","69.00","pack","2025-10-05T08:54:00.000Z","pi_7pycfgginju","No","0.00",""
"60000066","Sophia","Rodriguez","sophia.rodriguez@example.com","300066","New Flyer 3 Class Pack","2025-09-28T16:20:00.000Z","59.00","pack","2025-10-28T17:20:00.000Z","pi_h3k3kbvc3j8","No","0.00",""
"60000067","Isabella","Garcia","isabella.garcia@example.com","300067","Unlimited 14 Day Intro Package","2025-09-14T01:25:00.000Z","49.00","pack","2025-10-14T01:25:00.000Z","pi_xglbigiwjz","No","0.00",""
"60000068","Charles","Williams","charles.williams@example.com","300068","New Flyer 6 Class Pack","2025-09-19T03:12:00.000Z","69.00","pack","2025-10-19T03:12:00.000Z","pi_au4y4l93y8","No","0.00",""
"60000069","Daniel","Jones","daniel.jones@example.com","300069","Unlimited 14 Day Intro Package","2025-09-09T10:17:00.000Z","49.00","pack","2025-10-09T10:17:00.000Z","pi_gal2klmq8ol","No","0.00",""
"60000070","Ava","Garcia","ava.garcia@example.com","300070","Unlimited 14 Day Intro Package","2025-09-02T04:04:00.000Z","49.00","pack","2025-10-02T04:04:00.000Z","pi_2xekqgtrv1i","No","0.00",""
"60000071","Mia","Martinez","mia.martinez@example.com","300071","New Flyer 3 Class Pack","2025-09-18T22:06:00.000Z","59.00","pack","2025-10-18T22:06:00.000Z","pi_d72e2j2aww","No","0.00",""
"60000072","Ava","Anderson","ava.anderson@example.com","300072","New Flyer 3 Class Pack","2025-09-19T00:03:00.000Z","59.00","pack","2025-10-19T00:03:00.000Z","pi_8iphr8fb4ek","No","0.00",""
"60000073","James","Taylor","james.taylor@example.com","300073","Unlimited 14 Day Intro Package","2025-09-22T12:22:00.000Z","49.00","pack","2025-10-22T12:22:00.000Z","pi_e7qexg7031","No","0.00",""
"60000074","Michael","Martin","michael.martin@example.com","300074","New Flyer 6 Class Pack","2025-09-12T15:00:00.000Z","69.00","pack","2025-10-12T15:00:00.000Z","pi_jgzx45hu0kl","No","0.00",""
"60000075","Ava","Lopez","ava.lopez@example.com","300075","Unlimited 14 Day Intro Package","2025-08-31T22:29:00.000Z","49.00","pack","2025-09-30T22:29:00.000Z","pi_ogijue2lsk","No","0.00",""
"60000076","Amelia","Jones","amelia.jones@example.com","300076","New Flyer 6 Class Pack","2025-09-03T11:23:00.000Z","69.00","pack","2025-10-03T11:23:00.000Z","pi_dd3ozfyw9zl","No","0.00",""
"60000077","Evelyn","Anderson","evelyn.anderson@example.com","300077","Unlimited 14 Day Intro Package","2025-09-22T04:08:00.000Z","49.00","pack","2025-10-22T04:08:00.000Z","pi_ymzn9wewox","No","0.00",""
"60000078","Isabella","Jackson","isabella.jackson@example.com","300078","New Flyer 6 Class Pack","2025-09-20T10:10:00.000Z","69.00","pack","2025-10-20T10:10:00.000Z","pi_o3p4xwjvsy9","No","0.00",""
"60000079","Charlotte","Johnson","charlotte.johnson@example.com","300079","Unlimited 14 Day Intro Package","2025-09-27T14:38:00.000Z","49.00","pack","2025-10-27T15:38:00.000Z","pi_ls3tnymj2eh","No","0.00",""
"60000080","James","Jackson","james.jackson@example.com","300080","New Flyer 3 Class Pack","2025-09-13T19:57:00.000Z","59.00","pack","2025-10-13T19:57:00.000Z","pi_xlb9vttxcvs","No","0.00",""
"60000081","Evelyn","Garcia","evelyn.garcia@example.com","300081","New Flyer 3 Class Pack","2025-09-18T17:10:00.000Z","59.00","pack","2025-10-18T17:10:00.000Z","pi_4lcro8y43we","No","0.00",""
"60000082","Evelyn","Garcia","evelyn.garcia@example.com","300082","New Flyer 6 Class Pack","2025-09-19T00:47:00.000Z","69.00","pack","2025-10-19T00:47:00.000Z","pi_3wa0ly65pt4","No","0.00",""
"60000083","Harper","Jackson","harper.jackson@example.com","300083","New Flyer 6 Class Pack","2025-09-13T01:41:00.000Z","69.00","pack","2025-10-13T01:41:00.000Z","pi_t8px2b11e0o","No","0.00",""
"60000084","Joseph","Hernandez","joseph.hernandez@example.com","300084","New Flyer 6 Class Pack","2025-09-25T21:58:00.000Z","69.00","pack","2025-10-25T21:58:00.000Z","pi_c8j8m4j85fo","No","0.00",""