"Purchase ID","First Name","Last Name","Customer Email","Membership ID","Membership Name","Bought Date/Time (GMT)","Paid Amount","Membership Type","Remaining/ Expiry/ Renewal","Payment Token","Expired","Frozen","Refunded","Sold by"
"50000000","Michael","Thomas","michael.thomas@example.com","200000","8-Class Monthly Membership- $189","2025-09-23T07:33:00.000Z","189.00","subscription","2025-10-23T07:33:00.000Z","pi_xrck4mhoez","No","No","0.00",""
"50000001","Michael","Williams","michael.williams@example.com","200001","12-Class Monthly Membership-$269","2025-09-14T21:44:00.000Z","269.00","subscription","2025-10-14T21:44:00.000Z","pi_z8sck6kqyw9","No","No","0.00",""
"50000002","Evelyn","Garcia","evelyn.garcia@example.com","200002","4-Class Monthly Membership","2025-09-18T17:56:00.000Z","99.00","subscription","2025-10-18T17:56:00.000Z","pi_2n9chd9hdbq","No","No","0.00",""
"50000003","Robert","Moore","robert.moore@example.com","200003","4-Class Monthly Membership","2025-09-10T09:28:00.000Z","99.00","subscription","2025-10-10T09:28:00.000Z","pi_sj8mwln62v","No","No","0.00",""
"50000004","Sophia","Smith","sophia.smith@example.com","200004","12-Class Monthly Membership-$269","2025-09-10T12:51:00.000Z","269.00","subscription","2025-10-10T12:51:00.000Z","pi_byrx3bgi30w","No","No","0.00",""
"50000005","William","Thomas","william.thomas@example.com","200005","4-Class Monthly Membership","2025-09-08T07:30:00.000Z","99.00","subscription","2025-10-08T07:30:00.000Z","pi_kppvbrw36os","No","No","0.00",""
"50000006","David","Gonzalez","david.gonzalez@example.com","200006","4-Class Monthly Membership","2025-09-25T02:30:00.000Z","99.00","subscription","2025-10-25T02:30:00.000Z","pi_xwh82w2hri","No","No","0.00",""
"50000007","Robert","Garcia","robert.garcia@example.com","200007","8-Class Monthly Membership- $189","2025-09-05T06:58:00.000Z","189.00","subscription","2025-10-05T06:58:00.000Z","pi_utt5c13l9ko","No","No","0.00",""
"50000008","Joseph","Hernandez","joseph.hernandez@example.com","200008","4-Class Monthly Membership","2025-09-06T08:34:00.000Z","99.00","subscription","2025-10-06T08:34:00.000Z","pi_fhhgejimedd","No","No","0.00",""
"50000009","William","Jones","william.jones@example.com","200009","Unlimited Monthly Membership","2025-09-02T00:27:00.000Z","315.00","subscription","2025-10-02T00:27:00.000Z","pi_jrzr4au3wzr","No","No","0.00",""
"50000010","Robert","Brown","robert.brown@example.com","200010","Unlimited Monthly Membership","2025-09-03T16:55:00.000Z","315.00","subscription","2025-10-03T16:55:00.000Z","pi_ranc5bfygt","No","No","0.00",""
"50000011","Joseph","Davis","joseph.davis@example.com","200011","Unlimited Monthly Membership","2025-09-14T08:56:00.000Z","315.00","subscription","2025-10-14T08:56:00.000Z","pi_w7llw8ov8rs","No","No","0.00",""
"50000012","Thomas","Williams","thomas.williams@example.com","200012","8-Class Monthly Membership- $189","2025-09-14T23:43:00.000Z","189.00","subscription","2025-10-14T23:43:00.000Z","pi_okz4tccye9p","No","No","0.00",""
"50000013","Charles","Johnson","charles.johnson@example.com","200013","12-Class Monthly Membership-$269","2025-09-14T22:55:00.000Z","269.00","subscription","2025-10-14T22:55:00.000Z","pi_dh2usk9erh","No","No","0.00",""
"50000014","Olivia","Thomas","olivia.thomas@example.com","200014","Unlimited Monthly Membership","2025-09-15T20:50:00.000Z","315.00","subscription","2025-10-15T20:50:00.000Z","pi_is6bbad1aq","No","No","0.00",""
"50000015","Olivia","Taylor","olivia.taylor@example.com","200015","4-Class Monthly Membership","2025-09-19T21:01:00.000Z","99.00","subscription","2025-10-19T21:01:00.000Z","pi_0vmvu4u1mh0g","No","No","0.00",""
"50000016","Harper","Miller","harper.miller@example.com","200016","8-Class Monthly Membership- $189","2025-09-01T11:36:00.000Z","189.00","subscription","2025-10-01T11:36:00.000Z","pi_sy0ubojo6z","No","No","0.00",""
"50000017","Sophia","Smith","sophia.smith@example.com","200017","Unlimited Monthly Membership","2025-09-07T23:06:00.000Z","315.00","subscription","2025-10-07T23:06:00.000Z","pi_dm03qle43ol","No","No","0.00",""
"50000018","Isabella","Garcia","isabella.garcia@example.com","200018","4-Class Monthly Membership","2025-09-01T00:49:00.000Z","99.00","subscription","2025-10-01T00:49:00.000Z","pi_ryghdij4y19","No","No","0.00",""
"50000019","James","Jones","james.jones@example.com","200019","Unlimited Monthly Membership","2025-09-18T21:01:00.000Z","315.00","subscription","2025-10-18T21:01:00.000Z","pi_5l610tc7657","No","No","0.00",""
"50000020","Sophia","Davis","sophia.davis@example.com","200020","12-Class Monthly Membership-$269","2025-09-01T01:39:00.000Z","269.00","subscription","2025-10-01T01:39:00.000Z","pi_bhiz8hp639h","No","No","0.00",""
"50000021","Robert","Jones","robert.jones@example.com","200021","Unlimited Monthly Membership","2025-09-06T05:48:00.000Z","315.00","subscription","2025-10-06T05:48:00.000Z","pi_qz0tmbq47fm","No","No","0.00",""
"50000022","Robert","Rodriguez","robert.rodriguez@example.com","200022","4-Class Monthly Membership","2025-09-17T07:52:00.000Z","99.00","subscription","2025-10-17T07:52:00.000Z","pi_52vmn1gog4a","No","No","0.00",""
"50000023","James","Garcia","james.garcia@example.com","200023","Unlimited Monthly Membership","2025-09-02T23:37:00.000Z","315.00","subscription","2025-10-02T23:37:00.000Z","pi_httaqyofn95","No","No","0.00",""
"50000024","Robert","Williams","robert.williams@example.com","200024","Unlimited Monthly Membership","2025-09-06T03:00:00.000Z","315.00","subscription","2025-10-06T03:00:00.000Z","pi_ezn430tdc6o","No","No","0.00",""
"50000025","Evelyn","Moore","evelyn.moore@example.com","200025","Unlimited Monthly Membership","2025-09-24T07:08:00.000Z","315.00","subscription","2025-10-24T07:08:00.000Z","pi_ol0btqa7wco","No","No","0.00",""
"50000026","Mia","Jones","mia.jones@example.com","200026","Unlimited Monthly Membership","2025-09-16T00:23:00.000Z","315.00","subscription","2025-10-16T00:23:00.000Z","pi_7dqs3o4kpp3","No","No","0.00",""
"50000027","Charles","Jones","charles.jones@example.com","200027","8-Class Monthly Membership- $189","2025-09-20T22:33:00.000Z","189.00","subscription","2025-10-20T22:33:00.000Z","pi_ew38zv4j1f","No","No","0.00",""