"Category","Item","Date","Sale value","Tax","Refunded","Payment method","Payment status","Sale reference","Sold by","Paying Customer email","Paying Customer name","Customer email","Customer name","Location","Note"
"Appointment","30 Min Private Lesson","2025-09-05, 10:52 AM","50.00","0.00","0.00","Card","Succeeded","200000000","","emma.anderson@example.com","Emma Anderson","emma.anderson@example.com","Emma Anderson","Main Studio",""
"Appointment","30 Min Private Lesson","2025-09-17, 4:08 AM","50.00","0.00","0.00","Card","Succeeded","200000001","","olivia.anderson@example.com","Olivia Anderson","olivia.anderson@example.com","Olivia Anderson","Main Studio",""
"Product","Grip Aid","2025-09-12, 4:56 AM","15.00","0.00","0.00","Card","Succeeded","200000002","","ava.taylor@example.com","Ava Taylor","ava.taylor@example.com","Ava Taylor","Main Studio",""
"Subscription","4-Class Monthly Membership","2025-09-03, 4:20 PM","99.00","0.00","0.00","Card","Succeeded","200000003","","john.gonzalez@example.com","John Gonzalez","john.gonzalez@example.com","John Gonzalez","Main Studio",""
"Pack","5 Class Package","2025-09-18, 10:15 AM","150.00","0.00","0.00","Card","Succeeded","200000004","","william.martin@example.com","William Martin","william.martin@example.com","William Martin","Main Studio",""
"Class","Pole Level 2","2025-09-26, 6:15 AM","35.00","0.00","0.00","Card","Succeeded","200000005","","john.lopez@example.com","John Lopez","john.lopez@example.com","John Lopez","Main Studio",""
"Class","Pole Level 2","2025-09-11, 4:00 AM","35.00","0.00","0.00","Card","Succeeded","200000006","","emma.rodriguez@example.com","Emma Rodriguez","emma.rodriguez@example.com","Emma Rodriguez","Main Studio",""
"Product","Studio Merchandise","2025-09-28, 8:40 PM","25.00","0.00","0.00","Card","Succeeded","200000007","","robert.brown@example.com","Robert Brown","robert.brown@example.com","Robert Brown","Main Studio",""
"Pack","New Flyer 3 Class Pack","2025-09-10, 11:23 PM","59.00","0.00","0.00","Card","Succeeded","200000008","","olivia.wilson@example.com","Olivia Wilson","olivia.wilson@example.com","Olivia Wilson","Main Studio",""
"Pack","10 Class Package","2025-09-10, 4:32 AM","280.00","0.00","0.00","Card","Succeeded","200000009","","sophia.davis@example.com","Sophia Davis","sophia.davis@example.com","Sophia Davis","Main Studio",""
"Pack","New Flyer 6 Class Pack","2025-09-26, 4:30 PM","69.00","0.00","0.00","Card","Succeeded","200000010","","michael.lopez@example.com","Michael Lopez","michael.lopez@example.com","Michael Lopez","Main Studio",""
"Product","Grip Aid","2025-09-17, 12:13 AM","15.00","0.00","0.00","Card","Succeeded","200000011","","michael.gonzalez@example.com","Michael Gonzalez","michael.gonzalez@example.com","Michael Gonzalez","Main Studio",""
"Appointment","1 Hr Private Lesson","2025-09-09, 6:57 PM","95.00","0.00","0.00","Card","Succeeded","200000012","","thomas.thomas@example.com","Thomas Thomas","thomas.thomas@example.com","Thomas Thomas","Main Studio",""
"Class","Pole Level 1","2025-09-27, 10:32 AM","35.00","0.00","0.00","Card","Succeeded","200000013","","harper.martin@example.com","Harper Martin","harper.martin@example.com","Harper Martin","Main Studio",""
"Product","Dry Hands 2oz","2025-09-28, 4:16 AM","11.40","0.00","0.00","Card","Succeeded","200000014","","isabella.moore@example.com","Isabella Moore","isabella.moore@example.com","Isabella Moore","Main Studio",""
"Product","Grip Aid","2025-09-19, 12:07 PM","15.00","0.00","0.00","Card","Succeeded","200000015","","harper.miller@example.com","Harper Miller","harper.miller@example.com","Harper Miller","Main Studio",""
"Appointment","1 Hr Private Lesson","2025-09-25, 7:06 AM","95.00","0.00","0.00","Card","Succeeded","200000016","","william.miller@example.com","William Miller","william.miller@example.com","William Miller","Main Studio",""
"Product","Dry Hands 2oz","2025-09-06, 2:48 AM","11.40","0.00","0.00","Card","Succeeded","200000017","","mia.martin@example.com","Mia Martin","mia.martin@example.com","Mia Martin","Main Studio",""
"Class","Pole Level 1","2025-09-12, 9:57 PM","35.00","0.00","0.00","Card","Succeeded","200000018","","amelia.jones@example.com","Amelia Jones","amelia.jones@example.com","Amelia Jones","Main Studio",""
"Pack","New Flyer 3 Class Pack","2025-09-22, 9:28 PM","59.00","0.00","0.00","Card","Succeeded","200000019","","emma.brown@example.com","Emma Brown","emma.brown@example.com","Emma Brown","Main Studio",""
"Product","Studio Merchandise","2025-09-01, 11:40 AM","25.00","0.00","0.00","Card","Succeeded","200000020","","charlotte.wilson@example.com","Charlotte Wilson","charlotte.wilson@example.com","Charlotte Wilson","Main Studio",""
"Pack","New Flyer 6 Class Pack","2025-09-28, 2:39 PM","69.00","0.00","0.00","Card","Succeeded","200000021","","james.gonzalez@example.com","James Gonzalez","james.gonzalez@example.com","James Gonzalez","Main Studio",""
"Subscription","8-Class Monthly Membership- $189","2025-09-19, 3:52 AM","189.00","0.00","0.00","Card","Succeeded","200000022","","james.jackson@example.com","James Jackson","james.jackson@example.com","James Jackson","Main Studio",""
"Pack","New Flyer 3 Class Pack","2025-09-14, 8:30 PM","59.00","0.00","0.00","Card","Succeeded","200000023","","charles.smith@example.com","Charles Smith","charles.smith@example.com","Charles Smith","Main Studio",""
"Appointment","1 Hr Private Lesson","2025-09-17, 1:16 AM","95.00","0.00","0.00","Card","Succeeded","200000024","","michael.jones@example.com","Michael Jones","michael.jones@example.com","Michael Jones","Main Studio",""
"Appointment","1 Hr Private Lesson","2025-09-16, 3:16 PM","95.00","0.00","0.00","Card","Succeeded","200000025","","william.johnson@example.com","William Johnson","william.johnson@example.com","William Johnson","Main Studio",""
"Subscription","12-Class Monthly Membership-$269","2025-09-04, 4:25 AM","269.00","0.00","0.00","Card","Succeeded","200000026","","charlotte.miller@example.com","Charlotte Miller","charlotte.miller@example.com","Charlotte Miller","Main Studio",""
"Product","Dry Hands 2oz","2025-09-07, 8:31 AM","11.40","0.00","0.00","Card","Succeeded","200000027","","daniel.moore@example.com","Daniel Moore","daniel.moore@example.com","Daniel Moore","Main Studio",""
"Appointment","30 Min Private Lesson","2025-09-19, 11:53 AM","50.00","0.00","0.00","Card","Succeeded","200000028","","daniel.garcia@example.com","Daniel Garcia","daniel.garcia@example.com","Daniel Garcia","Main Studio",""
"Subscription","Unlimited Monthly Membership","2025-09-02, 11:48 PM","315.00","0.00","0.00","Card","Succeeded","200000029","","daniel.brown@example.com","Daniel Brown","daniel.brown@example.com","Daniel Brown","Main Studio",""
"Appointment","30 Min Private Lesson","2025-09-28, 5:26 AM","50.00","0.00","0.00","Card","Succeeded","200000030","","ava.garcia@example.com","Ava Garcia","ava.garcia@example.com","Ava Garcia","Main Studio",""
"Pack","5 Class Package","2025-09-07, 8:16 AM","150.00","0.00","0.00","Card","Succeeded","200000031","","robert.miller@example.com","Robert Miller","robert.miller@example.com","Robert Miller","Main Studio",""
"Pack","10 Class Package","2025-09-04, 6:04 PM","280.00","0.00","0.00","Card","Succeeded","200000032","","daniel.hernandez@example.com","Daniel Hernandez","daniel.hernandez@example.com","Daniel Hernandez","Main Studio",""
"Class","Pole Level 1","2025-09-19, 1:19 AM","35.00","0.00","0.00","Card","Succeeded","200000033","","daniel.garcia@example.com","Daniel Garcia","daniel.garcia@example.com","Daniel Garcia","Main Studio",""
"Class","Intro to Pole: Dance","2025-09-01, 7:49 PM","35.00","0.00","0.00","Card","Succeeded","200000034","","michael.smith@example.com","Michael Smith","michael.smith@example.com","Michael Smith","Main Studio",""
"Class","Pole Level 2","2025-09-22, 4:21 AM","35.00","0.00","0.00","Card","Succeeded","200000035","","amelia.anderson@example.com","Amelia Anderson","amelia.anderson@example.com","Amelia Anderson","Main Studio",""
"Product","Studio Merchandise","2025-09-09, 11:56 AM","25.00","0.00","0.00","Card","Succeeded","200000036","","charlotte.johnson@example.com","Charlotte Johnson","charlotte.johnson@example.com","Charlotte Johnson","Main Studio",""
"Pack","New Flyer 6 Class Pack","2025-09-08, 11:10 PM","69.00","0.00","0.00","Card","Succeeded","200000037","","john.anderson@example.com","John Anderson","john.anderson@example.com","John Anderson","Main Studio",""
"Class","Intro to Pole: Dance","2025-09-26, 6:27 AM","35.00","0.00","0.00","Card","Succeeded","200000038","","emma.gonzalez@example.com","Emma Gonzalez","emma.gonzalez@example.com","Emma Gonzalez","Main Studio",""
"Subscription","8-Class Monthly Membership- $189","2025-09-07, 12:58 AM","189.00","0.00","0.00","Card","Succeeded","200000039","","daniel.hernandez@example.com","Daniel Hernandez","daniel.hernandez@example.com","Daniel Hernandez","Main Studio",""
"Subscription","Unlimited Monthly Membership","2025-09-20, 5:25 PM","315.00","0.00","0.00","Card","Succeeded","200000040","","charlotte.garcia@example.com","Charlotte Garcia","charlotte.garcia@example.com","Charlotte Garcia","Main Studio",""
"Appointment","30 Min Private Lesson","2025-09-11, 7:38 AM","50.00","0.00","0.00","Card","Succeeded","200000041","","harper.miller@example.com","Harper Miller","harper.miller@example.com","Harper Miller","Main Studio",""
"Class","Pole Level 2","2025-09-11, 8:23 PM","35.00","0.00","0.00","Card","Succeeded","200000042","","william.martinez@example.com","William Martinez","william.martinez@example.com","William Martinez","Main Studio",""
"Class","Pole Level 2","2025-09-17, 9:24 AM","35.00","0.00","0.00","Card","Succeeded","200000043","","sophia.rodriguez@example.com","Sophia Rodriguez","sophia.rodriguez@example.com","Sophia Rodriguez","Main Studio",""
"Appointment","1 Hr Private Lesson","2025-09-15, 2:24 PM","95.00","0.00","0.00","Card","Succeeded","200000044","","david.rodriguez@example.com","David Rodriguez","david.rodriguez@example.com","David Rodriguez","Main Studio",""
"Subscription","4-Class Monthly Membership","2025-09-08, 3:58 AM","99.00","0.00","0.00","Card","Succeeded","200000045","","william.hernandez@example.com","William Hernandez","william.hernandez@example.com","William Hernandez","Main Studio",""
"Appointment","1 Hr Private Lesson","2025-09-23, 9:14 AM","95.00","0.00","0.00","Card","Succeeded","200000046","","charles.davis@example.com","Charles Davis","charles.davis@example.com","Charles Davis","Main Studio",""
"Class","Pole Level 2","2025-09-17, 1:47 PM","35.00","0.00","0.00","Card","Succeeded","200000047","","thomas.garcia@example.com","Thomas Garcia","thomas.garcia@example.com","Thomas Garcia","Main Studio",""
"Subscription","4-Class Monthly Membership","2025-09-07, 12:30 AM","99.00","0.00","0.00","Card","Succeeded","200000048","","robert.johnson@example.com","Robert Johnson","robert.johnson@example.com","Robert Johnson","Main Studio",""
"Pack","New Flyer 6 Class Pack","2025-09-23, 8:47 PM","69.00","0.00","0.00","Card","Succeeded","200000049","","sophia.anderson@example.com","Sophia Anderson","sophia.anderson@example.com","Sophia Anderson","Main Studio",""
"Appointment","1 Hr Private Lesson","2025-09-18, 1:33 PM","95.00","0.00","0.00","Card","Succeeded","200000050","","charlotte.moore@example.com","Charlotte Moore","charlotte.moore@example.com","Charlotte Moore","Main Studio",""
"Class","Pole Level 1","2025-09-05, 11:07 AM","35.00","0.00","0.00","Card","Succeeded","200000051","","james.brown@example.com","James Brown","james.brown@example.com","James Brown","Main Studio",""
"Product","Grip Aid","2025-09-27, 5:32 AM","15.00","0.00","0.00","Card","Succeeded","200000052","","william.wilson@example.com","William Wilson","william.wilson@example.com","William Wilson","Main Studio",""
"Pack","10 Class Package","2025-09-11, 1:18 PM","280.00","0.00","0.00","Card","Succeeded","200000053","","amelia.jackson@example.com","Amelia Jackson","amelia.jackson@example.com","Amelia Jackson","Main Studio",""
"Subscription","4-Class Monthly Membership","2025-09-22, 12:08 AM","99.00","0.00","0.00","Card","Succeeded","200000054","","william.jones@example.com","William Jones","william.jones@example.com","William Jones","Main Studio",""
"Product","Dry Hands 2oz","2025-09-10, 12:36 AM","11.40","0.00","0.00","Card","Succeeded","200000055","","david.johnson@example.com","David Johnson","david.johnson@example.com","David Johnson","Main Studio",""
"Product","Studio Merchandise","2025-09-24, 6:40 PM","25.00","0.00","0.00","Card","Succeeded","200000056","","isabella.smith@example.com","Isabella Smith","isabella.smith@example.com","Isabella Smith","Main Studio",""
"Appointment","30 Min Private Lesson","2025-09-27, 1:39 AM","50.00","0.00","0.00","Card","Succeeded","200000057","","harper.hernandez@example.com","Harper Hernandez","harper.hernandez@example.com","Harper Hernandez","Main Studio",""
"Pack","5 Class Package","2025-09-12, 11:43 PM","150.00","0.00","0.00","Card","Succeeded","200000058","","charles.gonzalez@example.com","Charles Gonzalez","charles.gonzalez@example.com","Charles Gonzalez","Main Studio",""
"Appointment","30 Min Private Lesson","2025-09-18, 9:36 AM","50.00","0.00","0.00","Card","Succeeded","200000059","","evelyn.martinez@example.com","Evelyn Martinez","evelyn.martinez@example.com","Evelyn Martinez","Main Studio",""
"Class","Pole Level 2","2025-09-21, 12:24 PM","35.00","0.00","0.00","Card","Succeeded","200000060","","evelyn.jones@example.com","Evelyn Jones","evelyn.jones@example.com","Evelyn Jones","Main Studio",""
"Subscription","12-Class Monthly Membership-$269","2025-09-13, 1:46 PM","269.00","0.00","0.00","Card","Succeeded","200000061","","emma.taylor@example.com","Emma Taylor","emma.taylor@example.com","Emma Taylor","Main Studio",""
"Product","Dry Hands 2oz","2025-09-01, 7:06 PM","11.40","0.00","0.00","Card","Succeeded","200000062","","charlotte.thomas@example.com","Charlotte Thomas","charlotte.thomas@example.com","Charlotte Thomas","Main Studio",""
"Appointment","30 Min Private Lesson","2025-09-08, 9:06 PM","50.00","0.00","0.00","Card","Succeeded","200000063","","harper.rodriguez@example.com","Harper Rodriguez","harper.rodriguez@example.com","Harper Rodriguez","Main Studio",""
"Product","Grip Aid","2025-09-24, 1:56 AM","15.00","0.00","0.00","Card","Succeeded","200000064","","harper.miller@example.com","Harper Miller","harper.miller@example.com","Harper Miller","Main Studio",""
"Product","Grip Aid","2025-09-13, 4:12 AM","15.00","0.00","0.00","Card","Succeeded","200000065","","mia.taylor@example.com","Mia Taylor","mia.taylor@example.com","Mia Taylor","Main Studio",""
"Class","Pole Level 2","2025-09-27, 1:59 PM","35.00","0.00","0.00","Card","Succeeded","200000066","","harper.moore@example.com","Harper Moore","harper.moore@example.com","Harper Moore","Main Studio",""
"Product","Studio Merchandise","2025-09-04, 5:19 PM","25.00","0.00","0.00","Card","Succeeded","200000067","","mia.taylor@example.com","Mia Taylor","mia.taylor@example.com","Mia Taylor","Main Studio",""
"Subscription","8-Class Monthly Membership- $189","2025-09-20, 10:33 PM","189.00","0.00","0.00","Card","Succeeded","200000068","","amelia.smith@example.com","Amelia Smith","amelia.smith@example.com","Amelia Smith","Main Studio",""
"Class","Intro to Pole: Dance","2025-09-12, 4:12 AM","35.00","0.00","0.00","Card","Succeeded","200000069","","amelia.taylor@example.com","Amelia Taylor","amelia.taylor@example.com","Amelia Taylor","Main Studio",""
"Class","Intro to Pole: Dance","2025-09-15, 9:39 PM","35.00","0.00","0.00","Card","Succeeded","200000070","","joseph.gonzalez@example.com","Joseph Gonzalez","joseph.gonzalez@example.com","Joseph Gonzalez","Main Studio",""
"Subscription","8-Class Monthly Membership- $189","2025-09-16, 8:43 PM","189.00","0.00","0.00","Card","Succeeded","200000071","","michael.lopez@example.com","Michael Lopez","michael.lopez@example.com","Michael Lopez","Main Studio",""
"Appointment","30 Min Private Lesson","2025-09-16, 3:56 AM","50.00","0.00","0.00","Card","Succeeded","200000072","","sophia.hernandez@example.com","Sophia Hernandez","sophia.hernandez@example.com","Sophia Hernandez","Main Studio",""
"Pack","5 Class Package","2025-09-28, 10:16 AM","150.00","0.00","0.00","Card","Succeeded","200000073","","robert.johnson@example.com","Robert Johnson","robert.johnson@example.com","Robert Johnson","Main Studio",""
"Pack","10 Class Package","2025-09-04, 9:34 AM","280.00","0.00","0.00","Card","Succeeded","200000074","","amelia.jackson@example.com","Amelia Jackson","amelia.jackson@example.com","Amelia Jackson","Main Studio",""
"Subscription","4-Class Monthly Membership","2025-09-04, 2:35 AM","99.00","0.00","0.00","Card","Succeeded","200000075","","michael.rodriguez@example.com","Michael Rodriguez","michael.rodriguez@example.com","Michael Rodriguez","Main Studio",""
"Subscription","8-Class Monthly Membership- $189","2025-09-19, 6:57 PM","189.00","0.00","0.00","Card","Succeeded","200000076","","mia.martin@example.com","Mia Martin","mia.martin@example.com","Mia Martin","Main Studio",""
"Pack","5 Class Package","2025-09-02, 10:43 PM","150.00","0.00","0.00","Card","Succeeded","200000077","","sophia.lopez@example.com","Sophia Lopez","sophia.lopez@example.com","Sophia Lopez","Main Studio",""
"Appointment","30 Min Private Lesson","2025-09-19, 4:15 AM","50.00","0.00","0.00","Card","Succeeded","200000078","","evelyn.lopez@example.com","Evelyn Lopez","evelyn.lopez@example.com","Evelyn Lopez","Main Studio",""
"Subscription","8-Class Monthly Membership- $189","2025-09-01, 8:21 AM","189.00","0.00","0.00","Card","Succeeded","200000079","","harper.moore@example.com","Harper Moore","harper.moore@example.com","Harper Moore","Main Studio",""
"Product","Studio Merchandise","2025-09-18, 5:16 PM","25.00","0.00","0.00","Card","Succeeded","200000080","","mia.thomas@example.com","Mia Thomas","mia.thomas@example.com","Mia Thomas","Main Studio",""
"Pack","10 Class Package","2025-09-01, 8:05 PM","280.00","0.00","0.00","Card","Succeeded","200000081","","david.smith@example.com","David Smith","david.smith@example.com","David Smith","Main Studio",""
"Class","Pole Level 1","2025-09-12, 5:27 PM","35.00","0.00","0.00","Card","Succeeded","200000082","","robert.taylor@example.com","Robert Taylor","robert.taylor@example.com","Robert Taylor","Main Studio",""
"Class","Pole Level 1","2025-09-07, 7:17 PM","35.00","0.00","0.00","Card","Succeeded","200000083","","james.thomas@example.com","James Thomas","james.thomas@example.com","James Thomas","Main Studio",""
"Product","Studio Merchandise","2025-09-13, 9:45 AM","25.00","0.00","0.00","Card","Succeeded","200000084","","harper.miller@example.com","Harper Miller","harper.miller@example.com","Harper Miller","Main Studio",""
"Appointment","30 Min Private Lesson","2025-09-25, 11:37 AM","50.00","0.00","0.00","Card","Succeeded","200000085","","william.garcia@example.com","William Garcia","william.garcia@example.com","William Garcia","Main Studio",""
"Class","Intro to Pole: Dance","2025-09-20, 12:24 PM","35.00","0.00","0.00","Card","Succeeded","200000086","","olivia.anderson@example.com","Olivia Anderson","olivia.anderson@example.com","Olivia Anderson","Main Studio",""
"Pack","New Flyer 6 Class Pack","2025-09-16, 3:03 AM","69.00","0.00","0.00","Card","Succeeded","200000087","","robert.hernandez@example.com","Robert Hernandez","robert.hernandez@example.com","Robert Hernandez","Main Studio",""
"Class","Pole Level 1","2025-09-11, 6:51 AM","35.00","0.00","0.00","Card","Succeeded","200000088","","mia.taylor@example.com","Mia Taylor","mia.taylor@example.com","Mia Taylor","Main Studio",""
"Appointment","1 Hr Private Lesson","2025-09-10, 12:29 AM","95.00","0.00","0.00","Card","Succeeded","200000089","","ava.jackson@example.com","Ava Jackson","ava.jackson@example.com","Ava Jackson","Main Studio",""
"Product","Grip Aid","2025-09-24, 5:47 PM","15.00","0.00","0.00","Card","Succeeded","200000090","","robert.taylor@example.com","Robert Taylor","robert.taylor@example.com","Robert Taylor","Main Studio",""
"Appointment","30 Min Private Lesson","2025-09-24, 5:18 AM","50.00","0.00","0.00","Card","Succeeded","200000091","","john.hernandez@example.com","John Hernandez","john.hernandez@example.com","John Hernandez","Main Studio",""
"Appointment","30 Min Private Lesson","2025-09-03, 4:40 PM","50.00","0.00","0.00","Card","Succeeded","200000092","","amelia.jones@example.com","Amelia Jones","amelia.jones@example.com","Amelia Jones","Main Studio",""
"Product","Dry Hands 2oz","2025-09-02, 7:43 PM","11.40","0.00","0.00","Card","Succeeded","200000093","","michael.johnson@example.com","Michael Johnson","michael.johnson@example.com","Michael Johnson","Main Studio",""
"Product","Studio Merchandise","2025-09-08, 5:07 AM","25.00","0.00","0.00","Card","Succeeded","200000094","","emma.wilson@example.com","Emma Wilson","emma.wilson@example.com","Emma Wilson","Main Studio",""
"Appointment","30 Min Private Lesson","2025-09-25, 9:06 PM","50.00","0.00","0.00","Card","Succeeded","200000095","","william.garcia@example.com","William Garcia","william.garcia@example.com","William Garcia","Main Studio",""
"Subscription","Unlimited Monthly Membership","2025-09-03, 6:09 AM","315.00","0.00","0.00","Card","Succeeded","200000096","","ava.moore@example.com","Ava Moore","ava.moore@example.com","Ava Moore","Main Studio",""
"Appointment","30 Min Private Lesson","2025-09-05, 3:47 AM","50.00","0.00","0.00","Card","Succeeded","200000097","","amelia.rodriguez@example.com","Amelia Rodriguez","amelia.rodriguez@example.com","Amelia Rodriguez","Main Studio",""
"Appointment","30 Min Private Lesson","2025-09-09, 12:51 AM","50.00","0.00","0.00","Card","Succeeded","200000098","","john.anderson@example.com","John Anderson","john.anderson@example.com","John Anderson","Main Studio",""
"Class","Pole Level 2","2025-09-17, 7:51 AM","35.00","0.00","0.00","Card","Succeeded","200000099","","david.martin@example.com","David Martin","david.martin@example.com","David Martin","Main Studio",""
"Class","Pole Level 1","2025-09-19, 9:13 AM","35.00","0.00","0.00","Card","Succeeded","200000100","","evelyn.jones@example.com","Evelyn Jones","evelyn.jones@example.com","Evelyn Jones","Main Studio",""
"Product","Studio Merchandise","2025-09-22, 4:51 AM","25.00","0.00","0.00","Card","Succeeded","200000101","","robert.moore@example.com","Robert Moore","robert.moore@example.com","Robert Moore","Main Studio",""
"Pack","New Flyer 6 Class Pack","2025-09-24, 9:40 PM","69.00","0.00","0.00","Card","Succeeded","200000102","","joseph.jackson@example.com","Joseph Jackson","joseph.jackson@example.com","Joseph Jackson","Main Studio",""
"Class","Pole Level 2","2025-09-06, 5:14 PM","35.00","0.00","0.00","Card","Succeeded","200000103","","sophia.anderson@example.com","Sophia Anderson","sophia.anderson@example.com","Sophia Anderson","Main Studio",""
"Appointment","30 Min Private Lesson","2025-09-10, 9:42 AM","50.00","0.00","0.00","Card","Succeeded","200000104","","ava.williams@example.com","Ava Williams","ava.williams@example.com","Ava Williams","Main Studio",""
"Product","Studio Merchandise","2025-09-06, 4:38 PM","25.00","0.00","0.00","Card","Succeeded","200000105","","harper.rodriguez@example.com","Harper Rodriguez","harper.rodriguez@example.com","Harper Rodriguez","Main Studio",""
"Pack","5 Class Package","2025-09-07, 10:39 PM","150.00","0.00","0.00","Card","Succeeded","200000106","","john.davis@example.com","John Davis","john.davis@example.com","John Davis","Main Studio",""
"Class","Pole Level 1","2025-09-20, 8:37 AM","35.00","0.00","0.00","Card","Succeeded","200000107","","charlotte.martinez@example.com","Charlotte Martinez","charlotte.martinez@example.com","Charlotte Martinez","Main Studio",""
"Pack","New Flyer 6 Class Pack","2025-09-15, 7:22 PM","69.00","0.00","0.00","Card","Succeeded","200000108","","evelyn.williams@example.com","Evelyn Williams","evelyn.williams@example.com","Evelyn Williams","Main Studio",""
"Subscription","8-Class Monthly Membership- $189","2025-09-06, 11:57 PM","189.00","0.00","0.00","Card","Succeeded","200000109","","mia.jones@example.com","Mia Jones","mia.jones@example.com","Mia Jones","Main Studio",""
"Product","Grip Aid","2025-09-09, 2:24 AM","15.00","0.00","0.00","Card","Succeeded","200000110","","daniel.gonzalez@example.com","Daniel Gonzalez","daniel.gonzalez@example.com","Daniel Gonzalez","Main Studio",""
"Subscription","Unlimited Monthly Membership","2025-09-09, 1:39 PM","315.00","0.00","0.00","Card","Succeeded","200000111","","evelyn.hernandez@example.com","Evelyn Hernandez","evelyn.hernandez@example.com","Evelyn Hernandez","Main Studio",""
"Class","Pole Level 2","2025-09-01, 5:56 PM","35.00","0.00","0.00","Card","Succeeded","200000112","","joseph.lopez@example.com","Joseph Lopez","joseph.lopez@example.com","Joseph Lopez","Main Studio",""
"Class","Pole Level 2","2025-09-20, 2:49 AM","35.00","0.00","0.00","Card","Succeeded","200000113","","william.williams@example.com","William Williams","william.williams@example.com","William Williams","Main Studio",""
"Appointment","30 Min Private Lesson","2025-09-11, 1:58 PM","50.00","0.00","0.00","Card","Succeeded","200000114","","olivia.martinez@example.com","Olivia Martinez","olivia.martinez@example.com","Olivia Martinez","Main Studio",""
"Class","Pole Level 1","2025-09-05, 5:44 AM","35.00","0.00","0.00","Card","Succeeded","200000115","","sophia.gonzalez@example.com","Sophia Gonzalez","sophia.gonzalez@example.com","Sophia Gonzalez","Main Studio",""
"Pack","5 Class Package","2025-09-14, 4:43 PM","150.00","0.00","0.00","Card","Succeeded","200000116","","evelyn.anderson@example.com","Evelyn Anderson","evelyn.anderson@example.com","Evelyn Anderson","Main Studio",""
"Product","Grip Aid","2025-09-20, 10:44 AM","15.00","0.00","0.00","Card","Succeeded","200000117","","charles.miller@example.com","Charles Miller","charles.miller@example.com","Charles Miller","Main Studio",""
"Subscription","12-Class Monthly Membership-$269","2025-09-17, 4:26 AM","269.00","0.00","0.00","Card","Succeeded","200000118","","olivia.williams@example.com","Olivia Williams","olivia.williams@example.com","Olivia Williams","Main Studio",""
"Class","Intro to Pole: Dance","2025-09-08, 11:24 PM","35.00","0.00","0.00","Card","Succeeded","200000119","","isabella.jackson@example.com","Isabella Jackson","isabella.jackson@example.com","Isabella Jackson","Main Studio",""
"Subscription","12-Class Monthly Membership-$269","2025-09-07, 6:39 PM","269.00","0.00","0.00","Card","Succeeded","200000120","","emma.brown@example.com","Emma Brown","emma.brown@example.com","Emma Brown","Main Studio",""
"Class","Intro to Pole: Dance","2025-09-06, 5:32 PM","35.00","0.00","0.00","Card","Succeeded","200000121","","mia.smith@example.com","Mia Smith","mia.smith@example.com","Mia Smith","Main Studio",""
"Product","Dry Hands 2oz","2025-09-05, 8:02 PM","11.40","0.00","0.00","Card","Succeeded","200000122","","michael.hernandez@example.com","Michael Hernandez","michael.hernandez@example.com","Michael Hernandez","Main Studio",""
"Class","Pole Level 1","2025-09-16, 11:16 AM","35.00","0.00","0.00","Card","Succeeded","200000123","","mia.davis@example.com","Mia Davis","mia.davis@example.com","Mia Davis","Main Studio",""
"Subscription","4-Class Monthly Membership","2025-09-23, 10:48 PM","99.00","0.00","0.00","Card","Succeeded","200000124","","john.johnson@example.com","John Johnson","john.johnson@example.com","John Johnson","Main Studio",""
"Pack","10 Class Package","2025-09-13, 2:46 PM","280.00","0.00","0.00","Card","Succeeded","200000125","","olivia.wilson@example.com","Olivia Wilson","olivia.wilson@example.com","Olivia Wilson","Main Studio",""
"Class","Intro to Pole: Dance","2025-09-17, 8:49 PM","35.00","0.00","0.00","Card","Succeeded","200000126","","isabella.martinez@example.com","Isabella Martinez","isabella.martinez@example.com","Isabella Martinez","Main Studio",""
"Class","Pole Level 1","2025-09-04, 4:23 PM","35.00","0.00","0.00","Card","Succeeded","200000127","","mia.johnson@example.com","Mia Johnson","mia.johnson@example.com","Mia Johnson","Main Studio",""
"Product","Studio Merchandise","2025-09-09, 12:27 PM","25.00","0.00","0.00","Card","Succeeded","200000128","","sophia.davis@example.com","Sophia Davis","sophia.davis@example.com","Sophia Davis","Main Studio",""
"Product","Studio Merchandise","2025-09-08, 1:55 PM","25.00","0.00","0.00","Card","Succeeded","200000129","","charlotte.moore@example.com","Charlotte Moore","charlotte.moore@example.com","Charlotte Moore","Main Studio",""
"Subscription","Unlimited Monthly Membership","2025-09-22, 3:15 PM","315.00","0.00","0.00","Card","Succeeded","200000130","","robert.gonzalez@example.com","Robert Gonzalez","robert.gonzalez@example.com","Robert Gonzalez","Main Studio",""
"Subscription","8-Class Monthly Membership- $189","2025-09-13, 1:20 PM","189.00","0.00","0.00","Card","Succeeded","200000131","","john.martin@example.com","John Martin","john.martin@example.com","John Martin","Main Studio",""
"Subscription","8-Class Monthly Membership- $189","2025-09-10, 5:45 AM","189.00","0.00","0.00","Card","Succeeded","200000132","","john.smith@example.com","John Smith","john.smith@example.com","John Smith","Main Studio",""
"Subscription","4-Class Monthly Membership","2025-09-02, 10:04 AM","99.00","0.00","0.00","Card","Succeeded","200000133","","daniel.davis@example.com","Daniel Davis","daniel.davis@example.com","Daniel Davis","Main Studio",""
"Class","Pole Level 1","2025-09-01, 3:18 AM","35.00","0.00","0.00","Card","Succeeded","200000134","","isabella.jones@example.com","Isabella Jones","isabella.jones@example.com","Isabella Jones","Main Studio",""
"Product","Studio Merchandise","2025-09-18, 5:44 PM","25.00","0.00","0.00","Card","Succeeded","200000135","","harper.davis@example.com","Harper Davis","harper.davis@example.com","Harper Davis","Main Studio",""
"Class","Pole Level 2","2025-09-15, 3:04 PM","35.00","0.00","0.00","Card","Succeeded","200000136","","isabella.taylor@example.com","Isabella Taylor","isabella.taylor@example.com","Isabella Taylor","Main Studio",""
"Subscription","12-Class Monthly Membership-$269","2025-09-11, 7:02 AM","269.00","0.00","0.00","Card","Succeeded","200000137","","robert.williams@example.com","Robert Williams","robert.williams@example.com","Robert Williams","Main Studio",""
"Pack","New Flyer 3 Class Pack","2025-09-25, 12:00 PM","59.00","0.00","0.00","Card","Succeeded","200000138","","david.anderson@example.com","David Anderson","david.anderson@example.com","David Anderson","Main Studio",""
"Pack","New Flyer 3 Class Pack","2025-09-06, 4:12 PM","59.00","0.00","0.00","Card","Succeeded","200000139","","joseph.martinez@example.com","Joseph Martinez","joseph.martinez@example.com","Joseph Martinez","Main Studio",""
"Class","Pole Level 2","2025-09-23, 3:31 AM","35.00","0.00","0.00","Card","Succeeded","200000140","","isabella.moore@example.com","Isabella Moore","isabella.moore@example.com","Isabella Moore","Main Studio",""
"Appointment","1 Hr Private Lesson","2025-09-11, 5:58 PM","95.00","0.00","0.00","Card","Succeeded","200000141","","isabella.martin@example.com","Isabella Martin","isabella.martin@example.com","Isabella Martin","Main Studio",""
"Product","Studio Merchandise","2025-09-23, 10:11 AM","25.00","0.00","0.00","Card","Succeeded","200000142","","michael.jackson@example.com","Michael Jackson","michael.jackson@example.com","Michael Jackson","Main Studio",""
"Product","Studio Merchandise","2025-09-16, 8:11 AM","25.00","0.00","0.00","Card","Succeeded","200000143","","isabella.moore@example.com","Isabella Moore","isabella.moore@example.com","Isabella Moore","Main Studio",""
"Subscription","4-Class Monthly Membership","2025-09-20, 11:29 PM","99.00","0.00","0.00","Card","Succeeded","200000144","","sophia.moore@example.com","Sophia Moore","sophia.moore@example.com","Sophia Moore","Main Studio",""
"Appointment","1 Hr Private Lesson","2025-09-19, 4:34 AM","95.00","0.00","0.00","Card","Succeeded","200000145","","olivia.martinez@example.com","Olivia Martinez","olivia.martinez@example.com","Olivia Martinez","Main Studio",""
"Subscription","8-Class Monthly Membership- $189","2025-09-04, 12:11 PM","189.00","0.00","0.00","Card","Succeeded","200000146","","daniel.anderson@example.com","Daniel Anderson","daniel.anderson@example.com","Daniel Anderson","Main Studio",""
"Class","Intro to Pole: Dance","2025-09-21, 12:37 PM","35.00","0.00","0.00","Card","Succeeded","200000147","","john.jackson@example.com","John Jackson","john.jackson@example.com","John Jackson","Main Studio",""
"Class","Pole Level 1","2025-09-14, 8:09 PM","35.00","0.00","0.00","Card","Succeeded","200000148","","thomas.jackson@example.com","Thomas Jackson","thomas.jackson@example.com","Thomas Jackson","Main Studio",""
"Product","Grip Aid","2025-09-27, 8:04 AM","15.00","0.00","0.00","Card","Succeeded","200000149","","thomas.rodriguez@example.com","Thomas Rodriguez","thomas.rodriguez@example.com","Thomas Rodriguez","Main Studio",""
"Pack","New Flyer 3 Class Pack","2025-09-05, 7:35 PM","59.00","0.00","0.00","Card","Succeeded","200000150","","harper.lopez@example.com","Harper Lopez","harper.lopez@example.com","Harper Lopez","Main Studio",""
"Subscription","4-Class Monthly Membership","2025-09-09, 11:02 AM","99.00","0.00","0.00","Card","Succeeded","200000151","","robert.anderson@example.com","Robert Anderson","robert.anderson@example.com","Robert Anderson","Main Studio",""
"Appointment","30 Min Private Lesson","2025-09-18, 11:16 PM","50.00","0.00","0.00","Card","Succeeded","200000152","","charles.lopez@example.com","Charles Lopez","charles.lopez@example.com","Charles Lopez","Main Studio",""
"Subscription","8-Class Monthly Membership- $189","2025-09-07, 3:19 PM","189.00","0.00","0.00","Card","Succeeded","200000153","","robert.moore@example.com","Robert Moore","robert.moore@example.com","Robert Moore","Main Studio",""
"Class","Pole Level 2","2025-09-12, 5:11 AM","35.00","0.00","0.00","Card","Succeeded","200000154","","joseph.martinez@example.com","Joseph Martinez","joseph.martinez@example.com","Joseph Martinez","Main Studio",""
"Appointment","1 Hr Private Lesson","2025-09-21, 12:23 AM","95.00","0.00","0.00","Card","Succeeded","200000155","","olivia.jackson@example.com","Olivia Jackson","olivia.jackson@example.com","Olivia Jackson","Main Studio",""
"Appointment","1 Hr Private Lesson","2025-09-27, 10:02 PM","95.00","0.00","0.00","Card","Succeeded","200000156","","emma.williams@example.com","Emma Williams","emma.williams@example.com","Emma Williams","Main Studio",""
"Pack","5 Class Package","2025-09-21, 1:46 PM","150.00","0.00","0.00","Card","Succeeded","200000157","","charlotte.thomas@example.com","Charlotte Thomas","charlotte.thomas@example.com","Charlotte Thomas","Main Studio",""
"Class","Pole Level 2","2025-09-22, 1:27 AM","35.00","0.00","0.00","Card","Succeeded","200000158","","harper.brown@example.com","Harper Brown","harper.brown@example.com","Harper Brown","Main Studio",""
"Product","Studio Merchandise","2025-09-19, 11:16 PM","25.00","0.00","0.00","Card","Succeeded","200000159","","olivia.johnson@example.com","Olivia Johnson","olivia.johnson@example.com","Olivia Johnson","Main Studio",""
"Product","Studio Merchandise","2025-09-26, 9:16 AM","25.00","0.00","0.00","Card","Succeeded","200000160","","thomas.smith@example.com","Thomas Smith","thomas.smith@example.com","Thomas Smith","Main Studio",""
"Product","Studio Merchandise","2025-09-19, 9:43 PM","25.00","0.00","0.00","Card","Succeeded","200000161","","thomas.taylor@example.com","Thomas Taylor","thomas.taylor@example.com","Thomas Taylor","Main Studio",""
"Pack","10 Class Package","2025-09-17, 10:41 PM","280.00","0.00","0.00","Card","Succeeded","200000162","","joseph.jones@example.com","Joseph Jones","joseph.jones@example.com","Joseph Jones","Main Studio",""
"Pack","New Flyer 6 Class Pack","2025-09-03, 11:13 PM","69.00","0.00","0.00","Card","Succeeded","200000163","","james.moore@example.com","James Moore","james.moore@example.com","James Moore","Main Studio",""
"Pack","10 Class Package","2025-09-07, 9:27 AM","280.00","0.00","0.00","Card","Succeeded","200000164","","sophia.davis@example.com","Sophia Davis","sophia.davis@example.com","Sophia Davis","Main Studio",""
"Product","Studio Merchandise","2025-09-07, 1:43 AM","25.00","0.00","0.00","Card","Succeeded","200000165","","charlotte.lopez@example.com","Charlotte Lopez","charlotte.lopez@example.com","Charlotte Lopez","Main Studio",""
"Product","Grip Aid","2025-09-23, 1:59 PM","15.00","0.00","0.00","Card","Succeeded","200000166","","amelia.davis@example.com","Amelia Davis","amelia.davis@example.com","Amelia Davis","Main Studio",""
"Appointment","1 Hr Private Lesson","2025-09-07, 6:38 AM","95.00","0.00","0.00","Card","Succeeded","200000167","","david.brown@example.com","David Brown","david.brown@example.com","David Brown","Main Studio",""
"Product","Dry Hands 2oz","2025-09-02, 6:58 PM","11.40","0.00","0.00","Card","Succeeded","200000168","","olivia.thomas@example.com","Olivia Thomas","olivia.thomas@example.com","Olivia Thomas","Main Studio",""
"Appointment","30 Min Private Lesson","2025-09-19, 1:32 AM","50.00","0.00","0.00","Card","Succeeded","200000169","","joseph.jones@example.com","Joseph Jones","joseph.jones@example.com","Joseph Jones","Main Studio",""
"Appointment","30 Min Private Lesson","2025-09-12, 3:39 PM","50.00","0.00","0.00","Card","Succeeded","200000170","","john.williams@example.com","John Williams","john.williams@example.com","John Williams","Main Studio",""
"Class","Intro to Pole: Dance","2025-09-20, 6:42 PM","35.00","0.00","0.00","Card","Succeeded","200000171","","olivia.brown@example.com","Olivia Brown","olivia.brown@example.com","Olivia Brown","Main Studio",""
"Subscription","4-Class Monthly Membership","2025-09-09, 12:12 AM","99.00","0.00","0.00","Card","Succeeded","200000172","","james.brown@example.com","James Brown","james.brown@example.com","James Brown","Main Studio",""
"Pack","10 Class Package","2025-09-08, 7:57 AM","280.00","0.00","0.00","Card","Succeeded","200000173","","david.anderson@example.com","David Anderson","david.anderson@example.com","David Anderson","Main Studio",""
"Subscription","8-Class Monthly Membership- $189","2025-09-20, 7:01 AM","189.00","0.00","0.00","Card","Succeeded","200000174","","evelyn.martinez@example.com","Evelyn Martinez","evelyn.martinez@example.com","Evelyn Martinez","Main Studio",""
"Product","Studio Merchandise","2025-09-02, 11:53 AM","25.00","0.00","0.00","Card","Succeeded","200000175","","daniel.anderson@example.com","Daniel Anderson","daniel.anderson@example.com","Daniel Anderson","Main Studio",""
"Class","Pole Level 2","2025-09-12, 7:40 PM","35.00","0.00","0.00","Card","Succeeded","200000176","","daniel.davis@example.com","Daniel Davis","daniel.davis@example.com","Daniel Davis","Main Studio",""
"Pack","5 Class Package","2025-09-08, 4:42 AM","150.00","0.00","0.00","Card","Succeeded","200000177","","daniel.miller@example.com","Daniel Miller","daniel.miller@example.com","Daniel Miller","Main Studio",""
"Pack","New Flyer 3 Class Pack","2025-09-12, 10:03 AM","59.00","0.00","0.00","Card","Succeeded","200000178","","michael.garcia@example.com","Michael Garcia","michael.garcia@example.com","Michael Garcia","Main Studio",""
"Subscription","12-Class Monthly Membership-$269","2025-09-27, 3:37 AM","269.00","0.00","0.00","Card","Succeeded","200000179","","sophia.hernandez@example.com","Sophia Hernandez","sophia.hernandez@example.com","Sophia Hernandez","Main Studio",""
"Product","Studio Merchandise","2025-09-26, 5:10 PM","25.00","0.00","0.00","Card","Succeeded","200000180","","olivia.johnson@example.com","Olivia Johnson","olivia.johnson@example.com","Olivia Johnson","Main Studio",""
"Class","Pole Level 2","2025-09-24, 7:56 AM","35.00","0.00","0.00","Card","Succeeded","200000181","","emma.rodriguez@example.com","Emma Rodriguez","emma.rodriguez@example.com","Emma Rodriguez","Main Studio",""
"Subscription","8-Class Monthly Membership- $189","2025-09-08, 2:22 AM","189.00","0.00","0.00","Card","Succeeded","200000182","","olivia.taylor@example.com","Olivia Taylor","olivia.taylor@example.com","Olivia Taylor","Main Studio",""
"Subscription","12-Class Monthly Membership-$269","2025-09-04, 1:43 PM","269.00","0.00","0.00","Card","Succeeded","200000183","","olivia.rodriguez@example.com","Olivia Rodriguez","olivia.rodriguez@example.com","Olivia Rodriguez","Main Studio",""
"Appointment","1 Hr Private Lesson","2025-09-13, 8:25 PM","95.00","0.00","0.00","Card","Succeeded","200000184","","michael.rodriguez@example.com","Michael Rodriguez","michael.rodriguez@example.com","Michael Rodriguez","Main Studio",""
"Product","Grip Aid","2025-09-03, 4:25 PM","15.00","0.00","0.00","Card","Succeeded","200000185","","charles.jackson@example.com","Charles Jackson","charles.jackson@example.com","Charles Jackson","Main Studio",""
"Class","Pole Level 2","2025-09-08, 9:23 PM","35.00","0.00","0.00","Card","Succeeded","200000186","","michael.smith@example.com","Michael Smith","michael.smith@example.com","Michael Smith","Main Studio",""
"Class","Pole Level 2","2025-09-22, 7:13 AM","35.00","0.00","0.00","Card","Succeeded","200000187","","michael.williams@example.com","Michael Williams","michael.williams@example.com","Michael Williams","Main Studio",""
"Subscription","4-Class Monthly Membership","2025-09-10, 9:01 AM","99.00","0.00","0.00","Card","Succeeded","200000188","","isabella.rodriguez@example.com","Isabella Rodriguez","isabella.rodriguez@example.com","Isabella Rodriguez","Main Studio",""
"Pack","10 Class Package","2025-09-01, 11:18 AM","280.00","0.00","0.00","Card","Succeeded","200000189","","michael.miller@example.com","Michael Miller","michael.miller@example.com","Michael Miller","Main Studio",""
"Pack","New Flyer 6 Class Pack","2025-09-25, 11:58 AM","69.00","0.00","0.00","Card","Succeeded","200000190","","john.garcia@example.com","John Garcia","john.garcia@example.com","John Garcia","Main Studio",""
"Class","Intro to Pole: Dance","2025-09-04, 6:39 PM","35.00","0.00","0.00","Card","Succeeded","200000191","","sophia.jones@example.com","Sophia Jones","sophia.jones@example.com","Sophia Jones","Main Studio",""
"Subscription","4-Class Monthly Membership","2025-09-13, 8:16 PM","99.00","0.00","0.00","Card","Succeeded","200000192","","daniel.johnson@example.com","Daniel Johnson","daniel.johnson@example.com","Daniel Johnson","Main Studio",""
"Pack","New Flyer 3 Class Pack","2025-09-09, 8:04 AM","59.00","0.00","0.00","Card","Succeeded","200000193","","olivia.johnson@example.com","Olivia Johnson","olivia.johnson@example.com","Olivia Johnson","Main Studio",""
"Pack","10 Class Package","2025-09-16, 6:45 PM","280.00","0.00","0.00","Card","Succeeded","200000194","","mia.garcia@example.com","Mia Garcia","mia.garcia@example.com","Mia Garcia","Main Studio",""
"Product","Dry Hands 2oz","2025-09-28, 2:00 AM","11.40","0.00","0.00","Card","Succeeded","200000195","","mia.rodriguez@example.com","Mia Rodriguez","mia.rodriguez@example.com","Mia Rodriguez","Main Studio",""
"Pack","10 Class Package","2025-09-26, 10:32 PM","280.00","0.00","0.00","Card","Succeeded","200000196","","mia.lopez@example.com","Mia Lopez","mia.lopez@example.com","Mia Lopez","Main Studio",""
"Product","Dry Hands 2oz","2025-09-15, 2:50 AM","11.40","0.00","0.00","Card","Succeeded","200000197","","daniel.taylor@example.com","Daniel Taylor","daniel.taylor@example.com","Daniel Taylor","Main Studio",""
"Class","Pole Level 2","2025-09-07, 10:21 AM","35.00","0.00","0.00","Card","Succeeded","200000198","","mia.jones@example.com","Mia Jones","mia.jones@example.com","Mia Jones","Main Studio",""
"Class","Pole Level 1","2025-09-25, 11:44 PM","35.00","0.00","0.00","Card","Succeeded","200000199","","ava.lopez@example.com","Ava Lopez","ava.lopez@example.com","Ava Lopez","Main Studio",""
"Appointment","30 Min Private Lesson","2025-09-18, 6:19 AM","50.00","0.00","0.00","Card","Succeeded","200000200","","daniel.williams@example.com","Daniel Williams","daniel.williams@example.com","Daniel Williams","Main Studio",""
"Appointment","30 Min Private Lesson","2025-09-11, 3:50 PM","50.00","0.00","0.00","Card","Succeeded","200000201","","thomas.lopez@example.com","Thomas Lopez","thomas.lopez@example.com","Thomas Lopez","Main Studio",""
"Class","Pole Level 2","2025-09-17, 2:18 PM","35.00","0.00","0.00","Card","Succeeded","200000202","","amelia.martin@example.com","Amelia Martin","amelia.martin@example.com","Amelia Martin","Main Studio",""
"Pack","New Flyer 3 Class Pack","2025-09-03, 7:54 AM","59.00","0.00","0.00","Card","Succeeded","200000203","","emma.smith@example.com","Emma Smith","emma.smith@example.com","Emma Smith","Main Studio",""
"Appointment","30 Min Private Lesson","2025-09-27, 2:15 AM","50.00","0.00","0.00","Card","Succeeded","200000204","","charles.taylor@example.com","Charles Taylor","charles.taylor@example.com","Charles Taylor","Main Studio",""
"Pack","5 Class Package","2025-09-04, 10:58 AM","150.00","0.00","0.00","Card","Succeeded","200000205","","ava.smith@example.com","Ava Smith","ava.smith@example.com","Ava Smith","Main Studio",""
"Appointment","1 Hr Private Lesson","2025-09-21, 5:35 AM","95.00","0.00","0.00","Card","Succeeded","200000206","","robert.martin@example.com","Robert Martin","robert.martin@example.com","Robert Martin","Main Studio",""
"Class","Pole Level 2","2025-09-27, 11:43 PM","35.00","0.00","0.00","Card","Succeeded","200000207","","ava.martinez@example.com","Ava Martinez","ava.martinez@example.com","Ava Martinez","Main Studio",""
"Appointment","1 Hr Private Lesson","2025-09-03, 9:18 PM","95.00","0.00","0.00","Card","Succeeded","200000208","","mia.rodriguez@example.com","Mia Rodriguez","mia.rodriguez@example.com","Mia Rodriguez","Main Studio",""
"Product","Dry Hands 2oz","2025-09-18, 2:42 PM","11.40","0.00","0.00","Card","Succeeded","200000209","","mia.lopez@example.com","Mia Lopez","mia.lopez@example.com","Mia Lopez","Main Studio",""
"Pack","New Flyer 6 Class Pack","2025-09-19, 7:02 PM","69.00","0.00","0.00","Card","Succeeded","200000210","","john.smith@example.com","John Smith","john.smith@example.com","John Smith","Main Studio",""
"Subscription","Unlimited Monthly Membership","2025-09-04, 7:16 AM","315.00","0.00","0.00","Card","Succeeded","200000211","","charles.martinez@example.com","Charles Martinez","charles.martinez@example.com","Charles Martinez","Main Studio",""
"Class","Pole Level 1","2025-09-07, 1:13 AM","35.00","0.00","0.00","Card","Succeeded","200000212","","james.williams@example.com","James Williams","james.williams@example.com","James Williams","Main Studio",""
"Pack","10 Class Package","2025-09-11, 5:29 PM","280.00","0.00","0.00","Card","Succeeded","200000213","","emma.moore@example.com","Emma Moore","emma.moore@example.com","Emma Moore","Main Studio",""
"Pack","New Flyer 6 Class Pack","2025-09-09, 11:18 PM","69.00","0.00","0.00","Card","Succeeded","200000214","","james.jones@example.com","James Jones","james.jones@example.com","James Jones","Main Studio",""
"Product","Grip Aid","2025-09-03, 2:09 PM","15.00","0.00","0.00","Card","Succeeded","200000215","","thomas.taylor@example.com","Thomas Taylor","thomas.taylor@example.com","Thomas Taylor","Main Studio",""
"Subscription","4-Class Monthly Membership","2025-09-14, 4:05 AM","99.00","0.00","0.00","Card","Succeeded","200000216","","amelia.brown@example.com","Amelia Brown","amelia.brown@example.com","Amelia Brown","Main Studio",""
"Product","Grip Aid","2025-09-07, 1:55 PM","15.00","0.00","0.00","Card","Succeeded","200000217","","olivia.gonzalez@example.com","Olivia Gonzalez","olivia.gonzalez@example.com","Olivia Gonzalez","Main Studio",""
"Product","Dry Hands 2oz","2025-09-12, 12:47 AM","11.40","0.00","0.00","Card","Succeeded","200000218","","ava.anderson@example.com","Ava Anderson","ava.anderson@example.com","Ava Anderson","Main Studio",""
"Appointment","30 Min Private Lesson","2025-09-22, 11:32 AM","50.00","0.00","0.00","Card","Succeeded","200000219","","sophia.brown@example.com","Sophia Brown","sophia.brown@example.com","Sophia Brown","Main Studio",""
"Product","Studio Merchandise","2025-09-21, 2:58 AM","25.00","0.00","0.00","Card","Succeeded","200000220","","evelyn.jackson@example.com","Evelyn Jackson","evelyn.jackson@example.com","Evelyn Jackson","Main Studio",""
"Appointment","30 Min Private Lesson","2025-09-02, 12:53 AM","50.00","0.00","0.00","Card","Succeeded","200000221","","olivia.martin@example.com","Olivia Martin","olivia.martin@example.com","Olivia Martin","Main Studio",""
"Class","Pole Level 2","2025-09-12, 9:18 PM","35.00","0.00","0.00","Card","Succeeded","200000222","","joseph.anderson@example.com","Joseph Anderson","joseph.anderson@example.com","Joseph Anderson","Main Studio",""
"Subscription","4-Class Monthly Membership","2025-09-14, 12:01 AM","99.00","0.00","0.00","Card","Succeeded","200000223","","michael.brown@example.com","Michael Brown","michael.brown@example.com","Michael Brown","Main Studio",""
"Class","Pole Level 2","2025-09-04, 7:44 PM","35.00","0.00","0.00","Card","Succeeded","200000224","","emma.jackson@example.com","Emma Jackson","emma.jackson@example.com","Emma Jackson","Main Studio",""
"Appointment","1 Hr Private Lesson","2025-09-09, 2:27 PM","95.00","0.00","0.00","Card","Succeeded","200000225","","michael.miller@example.com","Michael Miller","michael.miller@example.com","Michael Miller","Main Studio",""
"Appointment","1 Hr Private Lesson","2025-09-17, 5:42 PM","95.00","0.00","0.00","Card","Succeeded","200000226","","thomas.rodriguez@example.com","Thomas Rodriguez","thomas.rodriguez@example.com","Thomas Rodriguez","Main Studio",""
"Subscription","4-Class Monthly Membership","2025-09-22, 10:28 PM","99.00","0.00","0.00","Card","Succeeded","200000227","","john.taylor@example.com","John Taylor","john.taylor@example.com","John Taylor","Main Studio",""
"Product","Grip Aid","2025-09-23, 10:33 PM","15.00","0.00","0.00","Card","Succeeded","200000228","","ava.davis@example.com","Ava Davis","ava.davis@example.com","Ava Davis","Main Studio",""
"Pack","5 Class Package","2025-09-05, 2:07 AM","150.00","0.00","0.00","Card","Succeeded","200000229","","olivia.johnson@example.com","Olivia Johnson","olivia.johnson@example.com","Olivia Johnson","Main Studio",""
"Product","Studio Merchandise","2025-09-19, 10:33 PM","25.00","0.00","0.00","Card","Succeeded","200000230","","charles.miller@example.com","Charles Miller","charles.miller@example.com","Charles Miller","Main Studio",""
"Subscription","4-Class Monthly Membership","2025-09-15, 5:05 PM","99.00","0.00","0.00","Card","Succeeded","200000231","","joseph.davis@example.com","Joseph Davis","joseph.davis@example.com","Joseph Davis","Main Studio",""
"Pack","10 Class Package","2025-09-19, 9:58 PM","280.00","0.00","0.00","Card","Succeeded","200000232","","thomas.brown@example.com","Thomas Brown","thomas.brown@example.com","Thomas Brown","Main Studio",""
"Class","Pole Level 1","2025-09-06, 4:48 PM","35.00","0.00","0.00","Card","Succeeded","200000233","","olivia.jackson@example.com","Olivia Jackson","olivia.jackson@example.com","Olivia Jackson","Main Studio",""
"Class","Pole Level 2","2025-09-03, 12:34 AM","35.00","0.00","0.00","Card","Succeeded","200000234","","michael.moore@example.com","Michael Moore","michael.moore@example.com","Michael Moore","Main Studio",""
"Class","Pole Level 2","2025-09-27, 7:39 PM","35.00","0.00","0.00","Card","Succeeded","200000235","","olivia.taylor@example.com","Olivia Taylor","olivia.taylor@example.com","Olivia Taylor","Main Studio",""
"Appointment","30 Min Private Lesson","2025-09-22, 2:25 PM","50.00","0.00","0.00","Card","Succeeded","200000236","","evelyn.lopez@example.com","Evelyn Lopez","evelyn.lopez@example.com","Evelyn Lopez","Main Studio",""
"Class","Intro to Pole: Dance","2025-09-21, 5:50 PM","35.00","0.00","0.00","Card","Succeeded","200000237","","evelyn.williams@example.com","Evelyn Williams","evelyn.williams@example.com","Evelyn Williams","Main Studio",""
"Product","Studio Merchandise","2025-09-19, 8:13 AM","25.00","0.00","0.00","Card","Succeeded","200000238","","sophia.rodriguez@example.com","Sophia Rodriguez","sophia.rodriguez@example.com","Sophia Rodriguez","Main Studio",""
"Subscription","4-Class Monthly Membership","2025-09-22, 2:27 AM","99.00","0.00","0.00","Card","Succeeded","200000239","","sophia.brown@example.com","Sophia Brown","sophia.brown@example.com","Sophia Brown","Main Studio",""
"Appointment","1 Hr Private Lesson","2025-09-13, 1:49 PM","95.00","0.00","0.00","Card","Succeeded","200000240","","mia.garcia@example.com","Mia Garcia","mia.garcia@example.com","Mia Garcia","Main Studio",""
"Appointment","30 Min Private Lesson","2025-09-10, 1:47 PM","50.00","0.00","0.00","Card","Succeeded","200000241","","david.jackson@example.com","David Jackson","david.jackson@example.com","David Jackson","Main Studio",""
"Subscription","8-Class Monthly Membership- $189","2025-09-12, 5:34 AM","189.00","0.00","0.00","Card","Succeeded","200000242","","emma.davis@example.com","Emma Davis","emma.davis@example.com","Emma Davis","Main Studio",""
"Appointment","1 Hr Private Lesson","2025-09-10, 10:35 PM","95.00","0.00","0.00","Card","Succeeded","200000243","","isabella.gonzalez@example.com","Isabella Gonzalez","isabella.gonzalez@example.com","Isabella Gonzalez","Main Studio",""
"Pack","10 Class Package","2025-09-14, 10:04 PM","280.00","0.00","0.00","Card","Succeeded","200000244","","william.martinez@example.com","William Martinez","william.martinez@example.com","William Martinez","Main Studio",""
"Pack","10 Class Package","2025-09-04, 1:55 AM","280.00","0.00","0.00","Card","Succeeded","200000245","","emma.brown@example.com","Emma Brown","emma.brown@example.com","Emma Brown","Main Studio",""
"Class","Pole Level 2","2025-09-24, 1:23 PM","35.00","0.00","0.00","Card","Succeeded","200000246","","daniel.jackson@example.com","Daniel Jackson","daniel.jackson@example.com","Daniel Jackson","Main Studio",""
"Subscription","12-Class Monthly Membership-$269","2025-09-09, 5:57 PM","269.00","0.00","0.00","Card","Succeeded","200000247","","charles.garcia@example.com","Charles Garcia","charles.garcia@example.com","Charles Garcia","Main Studio",""
"Product","Studio Merchandise","2025-09-28, 8:41 AM","25.00","0.00","0.00","Card","Succeeded","200000248","","joseph.rodriguez@example.com","Joseph Rodriguez","joseph.rodriguez@example.com","Joseph Rodriguez","Main Studio",""
"Product","Studio Merchandise","2025-09-02, 2:18 PM","25.00","0.00","0.00","Card","Succeeded","200000249","","john.williams@example.com","John Williams","john.williams@example.com","John Williams","Main Studio",""
"Appointment","1 Hr Private Lesson","2025-09-28, 2:38 AM","95.00","0.00","0.00","Card","Succeeded","200000250","","david.gonzalez@example.com","David Gonzalez","david.gonzalez@example.com","David Gonzalez","Main Studio",""
"Class","Intro to Pole: Dance","2025-09-17, 4:52 AM","35.00","0.00","0.00","Card","Succeeded","200000251","","joseph.johnson@example.com","Joseph Johnson","joseph.johnson@example.com","Joseph Johnson","Main Studio",""
"Class","Pole Level 1","2025-09-16, 12:20 PM","35.00","0.00","0.00","Card","Succeeded","200000252","","robert.moore@example.com","Robert Moore","robert.moore@example.com","Robert Moore","Main Studio",""
"Appointment","30 Min Private Lesson","2025-09-08, 4:58 AM","50.00","0.00","0.00","Card","Succeeded","200000253","","isabella.johnson@example.com","Isabella Johnson","isabella.johnson@example.com","Isabella Johnson","Main Studio",""
"Pack","New Flyer 3 Class Pack","2025-09-06, 1:34 AM","59.00","0.00","0.00","Card","Succeeded","200000254","","harper.gonzalez@example.com","Harper Gonzalez","harper.gonzalez@example.com","Harper Gonzalez","Main Studio",""
"Product","Grip Aid","2025-09-17, 7:08 PM","15.00","0.00","0.00","Card","Succeeded","200000255","","john.davis@example.com","John Davis","john.davis@example.com","John Davis","Main Studio",""
"Pack","10 Class Package","2025-09-15, 7:06 AM","280.00","0.00","0.00","Card","Succeeded","200000256","","william.martin@example.com","William Martin","william.martin@example.com","William Martin","Main Studio",""
"Product","Grip Aid","2025-09-04, 6:49 PM","15.00","0.00","0.00","Card","Succeeded","200000257","","evelyn.davis@example.com","Evelyn Davis","evelyn.davis@example.com","Evelyn Davis","Main Studio",""
"Subscription","4-Class Monthly Membership","2025-09-14, 5:19 AM","99.00","0.00","0.00","Card","Succeeded","200000258","","john.wilson@example.com","John Wilson","john.wilson@example.com","John Wilson","Main Studio",""
"Class","Pole Level 1","2025-09-18, 1:59 AM","35.00","0.00","0.00","Card","Succeeded","200000259","","sophia.jackson@example.com","Sophia Jackson","sophia.jackson@example.com","Sophia Jackson","Main Studio",""
"Product","Grip Aid","2025-09-24, 6:03 PM","15.00","0.00","0.00","Card","Succeeded","200000260","","ava.jones@example.com","Ava Jones","ava.jones@example.com","Ava Jones","Main Studio",""
"Subscription","8-Class Monthly Membership- $189","2025-09-02, 10:48 AM","189.00","0.00","0.00","Card","Succeeded","200000261","","evelyn.brown@example.com","Evelyn Brown","evelyn.brown@example.com","Evelyn Brown","Main Studio",""
"Appointment","30 Min Private Lesson","2025-09-09, 11:00 PM","50.00","0.00","0.00","Card","Succeeded","200000262","","harper.garcia@example.com","Harper Garcia","harper.garcia@example.com","Harper Garcia","Main Studio",""
"Pack","New Flyer 6 Class Pack","2025-09-05, 12:29 AM","69.00","0.00","0.00","Card","Succeeded","200000263","","isabella.wilson@example.com","Isabella Wilson","isabella.wilson@example.com","Isabella Wilson","Main Studio",""
"Subscription","4-Class Monthly Membership","2025-09-14, 2:42 AM","99.00","0.00","0.00","Card","Succeeded","200000264","","evelyn.moore@example.com","Evelyn Moore","evelyn.moore@example.com","Evelyn Moore","Main Studio",""
"Product","Studio Merchandise","2025-09-01, 11:38 AM","25.00","0.00","0.00","Card","Succeeded","200000265","","david.jones@example.com","David Jones","david.jones@example.com","David Jones","Main Studio",""
"Pack","10 Class Package","2025-09-05, 4:03 PM","280.00","0.00","0.00","Card","Succeeded","200000266","","harper.jones@example.com","Harper Jones","harper.jones@example.com","Harper Jones","Main Studio",""
"Class","Intro to Pole: Dance","2025-09-18, 11:21 PM","35.00","0.00","0.00","Card","Succeeded","200000267","","john.gonzalez@example.com","John Gonzalez","john.gonzalez@example.com","John Gonzalez","Main Studio",""
"Appointment","30 Min Private Lesson","2025-09-14, 12:20 AM","50.00","0.00","0.00","Card","Succeeded","200000268","","amelia.jackson@example.com","Amelia Jackson","amelia.jackson@example.com","Amelia Jackson","Main Studio",""
"Appointment","30 Min Private Lesson","2025-09-22, 12:24 AM","50.00","0.00","0.00","Card","Succeeded","200000269","","isabella.thomas@example.com","Isabella Thomas","isabella.thomas@example.com","Isabella Thomas","Main Studio",""
"Appointment","1 Hr Private Lesson","2025-09-16, 1:52 PM","95.00","0.00","0.00","Card","Succeeded","200000270","","thomas.lopez@example.com","Thomas Lopez","thomas.lopez@example.com","Thomas Lopez","Main Studio",""
"Product","Grip Aid","2025-09-08, 3:41 AM","15.00","0.00","0.00","Card","Succeeded","200000271","","harper.rodriguez@example.com","Harper Rodriguez","harper.rodriguez@example.com","Harper Rodriguez","Main Studio",""
"Product","Studio Merchandise","2025-09-27, 11:12 AM","25.00","0.00","0.00","Card","Succeeded","200000272","","harper.taylor@example.com","Harper Taylor","harper.taylor@example.com","Harper Taylor","Main Studio",""
"Product","Dry Hands 2oz","2025-09-02, 9:25 AM","11.40","0.00","0.00","Card","Succeeded","200000273","","robert.miller@example.com","Robert Miller","robert.miller@example.com","Robert Miller","Main Studio",""
"Pack","New Flyer 3 Class Pack","2025-09-25, 7:51 PM","59.00","0.00","0.00","Card","Succeeded","200000274","","harper.smith@example.com","Harper Smith","harper.smith@example.com","Harper Smith","Main Studio",""
"Class","Intro to Pole: Dance","2025-09-02, 11:55 PM","35.00","0.00","0.00","Card","Succeeded","200000275","","mia.anderson@example.com","Mia Anderson","mia.anderson@example.com","Mia Anderson","Main Studio",""
"Product","Dry Hands 2oz","2025-09-12, 1:17 PM","11.40","0.00","0.00","Card","Succeeded","200000276","","david.martinez@example.com","David Martinez","david.martinez@example.com","David Martinez","Main Studio",""
"Appointment","1 Hr Private Lesson","2025-09-05, 2:29 PM","95.00","0.00","0.00","Card","Succeeded","200000277","","charlotte.rodriguez@example.com","Charlotte Rodriguez","charlotte.rodriguez@example.com","Charlotte Rodriguez","Main Studio",""
"Appointment","30 Min Private Lesson","2025-09-01, 7:31 PM","50.00","0.00","0.00","Card","Succeeded","200000278","","robert.davis@example.com","Robert Davis","robert.davis@example.com","Robert Davis","Main Studio",""
"Appointment","1 Hr Private Lesson","2025-09-28, 11:49 AM","95.00","0.00","0.00","Card","Succeeded","200000279","","olivia.wilson@example.com","Olivia Wilson","olivia.wilson@example.com","Olivia Wilson","Main Studio",""
"Appointment","1 Hr Private Lesson","2025-09-20, 10:11 PM","95.00","0.00","0.00","Card","Succeeded","200000280","","daniel.martinez@example.com","Daniel Martinez","daniel.martinez@example.com","Daniel Martinez","Main Studio",""
"Product","Studio Merchandise","2025-09-04, 12:37 AM","25.00","0.00","0.00","Card","Succeeded","200000281","","thomas.garcia@example.com","Thomas Garcia","thomas.garcia@example.com","Thomas Garcia","Main Studio",""
"Class","Pole Level 1","2025-09-09, 4:16 AM","35.00","0.00","0.00","Card","Succeeded","200000282","","charlotte.johnson@example.com","Charlotte Johnson","charlotte.johnson@example.com","Charlotte Johnson","Main Studio",""
"Product","Dry Hands 2oz","2025-09-02, 11:49 AM","11.40","0.00","0.00","Card","Succeeded","200000283","","emma.anderson@example.com","Emma Anderson","emma.anderson@example.com","Emma Anderson","Main Studio",""
"Class","Pole Level 2","2025-09-17, 12:15 PM","35.00","0.00","0.00","Card","Succeeded","200000284","","ava.wilson@example.com","Ava Wilson","ava.wilson@example.com","Ava Wilson","Main Studio",""
"Pack","10 Class Package","2025-09-11, 11:57 AM","280.00","0.00","0.00","Card","Succeeded","200000285","","joseph.williams@example.com","Joseph Williams","joseph.williams@example.com","Joseph Williams","Main Studio",""
"Subscription","4-Class Monthly Membership","2025-09-07, 4:11 AM","99.00","0.00","0.00","Card","Succeeded","200000286","","michael.thomas@example.com","Michael Thomas","michael.thomas@example.com","Michael Thomas","Main Studio",""
"Class","Intro to Pole: Dance","2025-09-24, 2:37 AM","35.00","0.00","0.00","Card","Succeeded","200000287","","ava.martin@example.com","Ava Martin","ava.martin@example.com","Ava Martin","Main Studio",""
"Class","Pole Level 1","2025-09-22, 12:50 PM","35.00","0.00","0.00","Card","Succeeded","200000288","","james.smith@example.com","James Smith","james.smith@example.com","James Smith","Main Studio",""
"Subscription","12-Class Monthly Membership-$269","2025-09-16, 3:18 AM","269.00","0.00","0.00","Card","Succeeded","200000289","","charlotte.smith@example.com","Charlotte Smith","charlotte.smith@example.com","Charlotte Smith","Main Studio",""
"Product","Studio Merchandise","2025-09-27, 11:40 PM","25.00","0.00","0.00","Card","Succeeded","200000290","","john.garcia@example.com","John Garcia","john.garcia@example.com","John Garcia","Main Studio",""
"Subscription","4-Class Monthly Membership","2025-09-22, 12:21 PM","99.00","0.00","0.00","Card","Succeeded","200000291","","william.miller@example.com","William Miller","william.miller@example.com","William Miller","Main Studio",""
"Class","Intro to Pole: Dance","2025-09-16, 6:49 PM","35.00","0.00","0.00","Card","Succeeded","200000292","","michael.rodriguez@example.com","Michael Rodriguez","michael.rodriguez@example.com","Michael Rodriguez","Main Studio",""
"Pack","5 Class Package","2025-09-22, 11:42 PM","150.00","0.00","0.00","Card","Succeeded","200000293","","william.davis@example.com","William Davis","william.davis@example.com","William Davis","Main Studio",""
"Appointment","1 Hr Private Lesson","2025-09-06, 12:09 AM","95.00","0.00","0.00","Card","Succeeded","200000294","","robert.taylor@example.com","Robert Taylor","robert.taylor@example.com","Robert Taylor","Main Studio",""
"Pack","10 Class Package","2025-09-11, 9:05 PM","280.00","0.00","0.00","Card","Succeeded","200000295","","michael.williams@example.com","Michael Williams","michael.williams@example.com","Michael Williams","Main Studio",""
"Appointment","1 Hr Private Lesson","2025-09-11, 3:24 PM","95.00","0.00","0.00","Card","Succeeded","200000296","","harper.jackson@example.com","Harper Jackson","harper.jackson@example.com","Harper Jackson","Main Studio",""
"Appointment","1 Hr Private Lesson","2025-09-26, 8:34 AM","95.00","0.00","0.00","Card","Succeeded","200000297","","robert.martinez@example.com","Robert Martinez","robert.martinez@example.com","Robert Martinez","Main Studio",""
"Class","Intro to Pole: Dance","2025-09-13, 4:59 AM","35.00","0.00","0.00","Card","Succeeded","200000298","","evelyn.martin@example.com","Evelyn Martin","evelyn.martin@example.com","Evelyn Martin","Main Studio",""
"Appointment","1 Hr Private Lesson","2025-09-03, 6:01 AM","95.00","0.00","0.00","Card","Succeeded","200000299","","robert.hernandez@example.com","Robert Hernandez","robert.hernandez@example.com","Robert Hernandez","Main Studio",""
"Subscription","8-Class Monthly Membership- $189","2025-09-16, 5:58 AM","189.00","0.00","0.00","Card","Succeeded","200000300","","isabella.miller@example.com","Isabella Miller","isabella.miller@example.com","Isabella Miller","Main Studio",""
"Product","Grip Aid","2025-09-04, 1:19 AM","15.00","0.00","0.00","Card","Succeeded","200000301","","evelyn.lopez@example.com","Evelyn Lopez","evelyn.lopez@example.com","Evelyn Lopez","Main Studio",""
"Product","Grip Aid","2025-09-19, 1:11 PM","15.00","0.00","0.00","Card","Succeeded","200000302","","joseph.miller@example.com","Joseph Miller","joseph.miller@example.com","Joseph Miller","Main Studio",""
"Class","Pole Level 1","2025-09-26, 8:02 PM","35.00","0.00","0.00","Card","Succeeded","200000303","","mia.martin@example.com","Mia Martin","mia.martin@example.com","Mia Martin","Main Studio",""
"Pack","New Flyer 3 Class Pack","2025-09-19, 12:45 PM","59.00","0.00","0.00","Card","Succeeded","200000304","","david.smith@example.com","David Smith","david.smith@example.com","David Smith","Main Studio",""
"Product","Studio Merchandise","2025-09-06, 1:08 AM","25.00","0.00","0.00","Card","Succeeded","200000305","","robert.lopez@example.com","Robert Lopez","robert.lopez@example.com","Robert Lopez","Main Studio",""
"Appointment","1 Hr Private Lesson","2025-09-11, 1:17 AM","95.00","0.00","0.00","Card","Succeeded","200000306","","william.martin@example.com","William Martin","william.martin@example.com","William Martin","Main Studio",""
"Subscription","Unlimited Monthly Membership","2025-09-04, 7:08 AM","315.00","0.00","0.00","Card","Succeeded","200000307","","william.jones@example.com","William Jones","william.jones@example.com","William Jones","Main Studio",""
"Appointment","1 Hr Private Lesson","2025-09-24, 9:25 PM","95.00","0.00","0.00","Card","Succeeded","200000308","","emma.hernandez@example.com","Emma Hernandez","emma.hernandez@example.com","Emma Hernandez","Main Studio",""
"Class","Pole Level 2","2025-09-12, 6:49 PM","35.00","0.00","0.00","Card","Succeeded","200000309","","william.gonzalez@example.com","William Gonzalez","william.gonzalez@example.com","William Gonzalez","Main Studio",""
"Product","Grip Aid","2025-09-28, 1:13 PM","15.00","0.00","0.00","Card","Succeeded","200000310","","david.williams@example.com","David Williams","david.williams@example.com","David Williams","Main Studio",""
"Class","Pole Level 1","2025-09-11, 2:06 AM","35.00","0.00","0.00","Card","Succeeded","200000311","","emma.davis@example.com","Emma Davis","emma.davis@example.com","Emma Davis","Main Studio",""
"Subscription","8-Class Monthly Membership- $189","2025-09-11, 8:07 PM","189.00","0.00","0.00","Card","Succeeded","200000312","","amelia.thomas@example.com","Amelia Thomas","amelia.thomas@example.com","Amelia Thomas","Main Studio",""
"Appointment","1 Hr Private Lesson","2025-09-03, 6:38 PM","95.00","0.00","0.00","Card","Succeeded","200000313","","amelia.jackson@example.com","Amelia Jackson","amelia.jackson@example.com","Amelia Jackson","Main Studio",""
"Class","Pole Level 2","2025-09-09, 2:21 PM","35.00","0.00","0.00","Card","Succeeded","200000314","","robert.anderson@example.com","Robert Anderson","robert.anderson@example.com","Robert Anderson","Main Studio",""
"Class","Pole Level 2","2025-09-02, 4:50 PM","35.00","0.00","0.00","Card","Succeeded","200000315","","michael.moore@example.com","Michael Moore","michael.moore@example.com","Michael Moore","Main Studio",""
"Subscription","12-Class Monthly Membership-$269","2025-09-04, 3:34 PM","269.00","0.00","0.00","Card","Succeeded","200000316","","daniel.gonzalez@example.com","Daniel Gonzalez","daniel.gonzalez@example.com","Daniel Gonzalez","Main Studio",""
"Pack","10 Class Package","2025-09-28, 1:54 PM","280.00","0.00","0.00","Card","Succeeded","200000317","","sophia.gonzalez@example.com","Sophia Gonzalez","sophia.gonzalez@example.com","Sophia Gonzalez","Main Studio",""
"Class","Pole Level 1","2025-09-07, 1:26 PM","35.00","0.00","0.00","Card","Succeeded","200000318","","mia.johnson@example.com","Mia Johnson","mia.johnson@example.com","Mia Johnson","Main Studio",""
"Subscription","Unlimited Monthly Membership","2025-09-08, 8:53 AM","315.00","0.00","0.00","Card","Succeeded","200000319","","ava.martinez@example.com","Ava Martinez","ava.martinez@example.com","Ava Martinez","Main Studio",""
"Appointment","30 Min Private Lesson","2025-09-19, 2:09 PM","50.00","0.00","0.00","Card","Succeeded","200000320","","harper.williams@example.com","Harper Williams","harper.williams@example.com","Harper Williams","Main Studio",""
"Pack","New Flyer 3 Class Pack","2025-09-09, 4:07 PM","59.00","0.00","0.00","Card","Succeeded","200000321","","joseph.garcia@example.com","Joseph Garcia","joseph.garcia@example.com","Joseph Garcia","Main Studio",""
"Product","Dry Hands 2oz","2025-09-25, 4:41 PM","11.40","0.00","0.00","Card","Succeeded","200000322","","emma.lopez@example.com","Emma Lopez","emma.lopez@example.com","Emma Lopez","Main Studio",""
"Pack","10 Class Package","2025-09-21, 4:44 PM","280.00","0.00","0.00","Card","Succeeded","200000323","","john.thomas@example.com","John Thomas","john.thomas@example.com","John Thomas","Main Studio",""
"Pack","New Flyer 3 Class Pack","2025-09-08, 1:16 PM","59.00","0.00","0.00","Card","Succeeded","200000324","","ava.jackson@example.com","Ava Jackson","ava.jackson@example.com","Ava Jackson","Main Studio",""
"Subscription","8-Class Monthly Membership- $189","2025-09-27, 7:27 AM","189.00","0.00","0.00","Card","Succeeded","200000325","","amelia.taylor@example.com","Amelia Taylor","amelia.taylor@example.com","Amelia Taylor","Main Studio",""
"Product","Dry Hands 2oz","2025-09-17, 8:15 AM","11.40","0.00","0.00","Card","Succeeded","200000326","","thomas.johnson@example.com","Thomas Johnson","thomas.johnson@example.com","Thomas Johnson","Main Studio",""
"Class","Intro to Pole: Dance","2025-09-28, 8:14 AM","35.00","0.00","0.00","Card","Succeeded","200000327","","ava.martin@example.com","Ava Martin","ava.martin@example.com","Ava Martin","Main Studio",""
"Pack","New Flyer 6 Class Pack","2025-09-22, 10:35 PM","69.00","0.00","0.00","Card","Succeeded","200000328","","john.jones@example.com","John Jones","john.jones@example.com","John Jones","Main Studio",""
"Product","Dry Hands 2oz","2025-09-27, 3:25 AM","11.40","0.00","0.00","Card","Succeeded","200000329","","michael.jones@example.com","Michael Jones","michael.jones@example.com","Michael Jones","Main Studio",""
"Product","Dry Hands 2oz","2025-09-13, 11:25 AM","11.40","0.00","0.00","Card","Succeeded","200000330","","isabella.gonzalez@example.com","Isabella Gonzalez","isabella.gonzalez@example.com","Isabella Gonzalez","Main Studio",""
"Appointment","1 Hr Private Lesson","2025-09-18, 10:38 PM","95.00","0.00","0.00","Card","Succeeded","200000331","","harper.martinez@example.com","Harper Martinez","harper.martinez@example.com","Harper Martinez","Main Studio",""
"Class","Pole Level 2","2025-09-27, 3:10 PM","35.00","0.00","0.00","Card","Succeeded","200000332","","ava.smith@example.com","Ava Smith","ava.smith@example.com","Ava Smith","Main Studio",""
"Appointment","1 Hr Private Lesson","2025-09-24, 5:24 AM","95.00","0.00","0.00","Card","Succeeded","200000333","","charlotte.jones@example.com","Charlotte Jones","charlotte.jones@example.com","Charlotte Jones","Main Studio",""
"Subscription","Unlimited Monthly Membership","2025-09-24, 10:01 AM","315.00","0.00","0.00","Card","Succeeded","200000334","","evelyn.miller@example.com","Evelyn Miller","evelyn.miller@example.com","Evelyn Miller","Main Studio",""
"Class","Intro to Pole: Dance","2025-09-14, 7:56 AM","35.00","0.00","0.00","Card","Succeeded","200000335","","michael.brown@example.com","Michael Brown","michael.brown@example.com","Michael Brown","Main Studio",""
"Subscription","12-Class Monthly Membership-$269","2025-09-22, 11:36 PM","269.00","0.00","0.00","Card","Succeeded","200000336","","charlotte.smith@example.com","Charlotte Smith","charlotte.smith@example.com","Charlotte Smith","Main Studio",""
"Product","Studio Merchandise","2025-09-11, 7:08 PM","25.00","0.00","0.00","Card","Succeeded","200000337","","david.moore@example.com","David Moore","david.moore@example.com","David Moore","Main Studio",""
"Pack","New Flyer 3 Class Pack","2025-09-28, 3:09 PM","59.00","0.00","0.00","Card","Succeeded","200000338","","sophia.brown@example.com","Sophia Brown","sophia.brown@example.com","Sophia Brown","Main Studio",""
"Appointment","1 Hr Private Lesson","2025-09-08, 1:43 AM","95.00","0.00","0.00","Card","Succeeded","200000339","","john.smith@example.com","John Smith","john.smith@example.com","John Smith","Main Studio",""
"Subscription","12-Class Monthly Membership-$269","2025-09-26, 6:33 AM","269.00","0.00","0.00","Card","Succeeded","200000340","","evelyn.smith@example.com","Evelyn Smith","evelyn.smith@example.com","Evelyn Smith","Main Studio",""
"Class","Intro to Pole: Dance","2025-09-26, 8:06 PM","35.00","0.00","0.00","Card","Succeeded","200000341","","daniel.wilson@example.com","Daniel Wilson","daniel.wilson@example.com","Daniel Wilson","Main Studio",""
"Subscription","Unlimited Monthly Membership","2025-09-26, 3:40 PM","315.00","0.00","0.00","Card","Succeeded","200000342","","joseph.lopez@example.com","Joseph Lopez","joseph.lopez@example.com","Joseph Lopez","Main Studio",""
"Pack","5 Class Package","2025-09-07, 10:35 PM","150.00","0.00","0.00","Card","Succeeded","200000343","","michael.miller@example.com","Michael Miller","michael.miller@example.com","Michael Miller","Main Studio",""
"Appointment","1 Hr Private Lesson","2025-09-13, 9:52 PM","95.00","0.00","0.00","Card","Succeeded","200000344","","isabella.jones@example.com","Isabella Jones","isabella.jones@example.com","Isabella Jones","Main Studio",""
"Pack","10 Class Package","2025-09-08, 6:47 PM","280.00","0.00","0.00","Card","Succeeded","200000345","","sophia.garcia@example.com","Sophia Garcia","sophia.garcia@example.com","Sophia Garcia","Main Studio",""
"Class","Pole Level 2","2025-09-06, 9:58 AM","35.00","0.00","0.00","Card","Succeeded","200000346","","olivia.williams@example.com","Olivia Williams","olivia.williams@example.com","Olivia Williams","Main Studio",""
"Subscription","8-Class Monthly Membership- $189","2025-09-19, 9:12 PM","189.00","0.00","0.00","Card","Succeeded","200000347","","robert.anderson@example.com","Robert Anderson","robert.anderson@example.com","Robert Anderson","Main Studio",""
"Product","Dry Hands 2oz","2025-09-03, 1:58 PM","11.40","0.00","0.00","Card","Succeeded","200000348","","amelia.jones@example.com","Amelia Jones","amelia.jones@example.com","Amelia Jones","Main Studio",""
"Product","Studio Merchandise","2025-09-04, 11:17 AM","25.00","0.00","0.00","Card","Succeeded","200000349","","daniel.jones@example.com","Daniel Jones","daniel.jones@example.com","Daniel Jones","Main Studio",""
"Subscription","Unlimited Monthly Membership","2025-09-22, 2:31 PM","315.00","0.00","0.00","Card","Succeeded","200000350","","mia.davis@example.com","Mia Davis","mia.davis@example.com","Mia Davis","Main Studio",""
"Pack","10 Class Package","2025-09-05, 2:36 AM","280.00","0.00","0.00","Card","Succeeded","200000351","","charles.jackson@example.com","Charles Jackson","charles.jackson@example.com","Charles Jackson","Main Studio",""
"Subscription","Unlimited Monthly Membership","2025-09-19, 4:43 PM","315.00","0.00","0.00","Card","Succeeded","200000352","","joseph.martin@example.com","Joseph Martin","joseph.martin@example.com","Joseph Martin","Main Studio",""
"Subscription","4-Class Monthly Membership","2025-09-13, 1:31 PM","99.00","0.00","0.00","Card","Succeeded","200000353","","charlotte.thomas@example.com","Charlotte Thomas","charlotte.thomas@example.com","Charlotte Thomas","Main Studio",""
"Class","Pole Level 1","2025-09-09, 12:23 AM","35.00","0.00","0.00","Card","Succeeded","200000354","","isabella.taylor@example.com","Isabella Taylor","isabella.taylor@example.com","Isabella Taylor","Main Studio",""
"Subscription","8-Class Monthly Membership- $189","2025-09-03, 9:37 PM","189.00","0.00","0.00","Card","Succeeded","200000355","","michael.lopez@example.com","Michael Lopez","michael.lopez@example.com","Michael Lopez","Main Studio",""
"Product","Studio Merchandise","2025-09-06, 4:10 AM","25.00","0.00","0.00","Card","Succeeded","200000356","","thomas.moore@example.com","Thomas Moore","thomas.moore@example.com","Thomas Moore","Main Studio",""
"Appointment","30 Min Private Lesson","2025-09-20, 1:17 AM","50.00","0.00","0.00","Card","Succeeded","200000357","","john.williams@example.com","John Williams","john.williams@example.com","John Williams","Main Studio",""
"Class","Pole Level 2","2025-09-09, 7:18 PM","35.00","0.00","0.00","Card","Succeeded","200000358","","william.williams@example.com","William Williams","william.williams@example.com","William Williams","Main Studio",""
"Appointment","30 Min Private Lesson","2025-09-12, 4:50 AM","50.00","0.00","0.00","Card","Succeeded","200000359","","john.jackson@example.com","John Jackson","john.jackson@example.com","John Jackson","Main Studio",""
"Product","Grip Aid","2025-09-13, 10:13 PM","15.00","0.00","0.00","Card","Succeeded","200000360","","david.taylor@example.com","David Taylor","david.taylor@example.com","David Taylor","Main Studio",""
"Subscription","4-Class Monthly Membership","2025-09-26, 7:05 AM","99.00","0.00","0.00","Card","Succeeded","200000361","","thomas.miller@example.com","Thomas Miller","thomas.miller@example.com","Thomas Miller","Main Studio",""
"Product","Studio Merchandise","2025-09-17, 12:24 AM","25.00","0.00","0.00","Card","Succeeded","200000362","","david.davis@example.com","David Davis","david.davis@example.com","David Davis","Main Studio",""
"Pack","10 Class Package","2025-09-25, 11:50 AM","280.00","0.00","0.00","Card","Succeeded","200000363","","robert.williams@example.com","Robert Williams","robert.williams@example.com","Robert Williams","Main Studio",""
"Appointment","1 Hr Private Lesson","2025-09-16, 11:46 PM","95.00","0.00","0.00","Card","Succeeded","200000364","","isabella.moore@example.com","Isabella Moore","isabella.moore@example.com","Isabella Moore","Main Studio",""
"Appointment","30 Min Private Lesson","2025-09-20, 4:22 AM","50.00","0.00","0.00","Card","Succeeded","200000365","","joseph.lopez@example.com","Joseph Lopez","joseph.lopez@example.com","Joseph Lopez","Main Studio",""
"Product","Studio Merchandise","2025-09-22, 9:53 PM","25.00","0.00","0.00","Card","Succeeded","200000366","","amelia.martinez@example.com","Amelia Martinez","amelia.martinez@example.com","Amelia Martinez","Main Studio",""
"Pack","New Flyer 6 Class Pack","2025-09-12, 2:14 AM","69.00","0.00","0.00","Card","Succeeded","200000367","","evelyn.wilson@example.com","Evelyn Wilson","evelyn.wilson@example.com","Evelyn Wilson","Main Studio",""
"Product","Dry Hands 2oz","2025-09-22, 4:48 AM","11.40","0.00","0.00","Card","Succeeded","200000368","","william.martin@example.com","William Martin","william.martin@example.com","William Martin","Main Studio",""
"Class","Pole Level 1","2025-09-18, 5:45 AM","35.00","0.00","0.00","Card","Succeeded","200000369","","daniel.jackson@example.com","Daniel Jackson","daniel.jackson@example.com","Daniel Jackson","Main Studio",""
"Product","Dry Hands 2oz","2025-09-05, 6:33 PM","11.40","0.00","0.00","Card","Succeeded","200000370","","sophia.miller@example.com","Sophia Miller","sophia.miller@example.com","Sophia Miller","Main Studio",""
"Appointment","1 Hr Private Lesson","2025-09-27, 12:45 PM","95.00","0.00","0.00","Card","Succeeded","200000371","","thomas.wilson@example.com","Thomas Wilson","thomas.wilson@example.com","Thomas Wilson","Main Studio",""
"Appointment","1 Hr Private Lesson","2025-09-02, 2:25 PM","95.00","0.00","0.00","Card","Succeeded","200000372","","charles.smith@example.com","Charles Smith","charles.smith@example.com","Charles Smith","Main Studio",""
"Pack","New Flyer 6 Class Pack","2025-09-20, 4:58 PM","69.00","0.00","0.00","Card","Succeeded","200000373","","evelyn.williams@example.com","Evelyn Williams","evelyn.williams@example.com","Evelyn Williams","Main Studio",""
"Appointment","30 Min Private Lesson","2025-09-22, 8:18 PM","50.00","0.00","0.00","Card","Succeeded","200000374","","mia.jones@example.com","Mia Jones","mia.jones@example.com","Mia Jones","Main Studio",""
"Class","Intro to Pole: Dance","2025-09-20, 3:06 AM","35.00","0.00","0.00","Card","Succeeded","200000375","","charlotte.brown@example.com","Charlotte Brown","charlotte.brown@example.com","Charlotte Brown","Main Studio",""
"Class","Pole Level 2","2025-09-25, 5:12 PM","35.00","0.00","0.00","Card","Succeeded","200000376","","charlotte.martin@example.com","Charlotte Martin","charlotte.martin@example.com","Charlotte Martin","Main Studio",""
"Class","Pole Level 1","2025-09-05, 8:57 PM","35.00","0.00","0.00","Card","Succeeded","200000377","","ava.garcia@example.com","Ava Garcia","ava.garcia@example.com","Ava Garcia","Main Studio",""
"Appointment","30 Min Private Lesson","2025-09-22, 2:36 PM","50.00","0.00","0.00","Card","Succeeded","200000378","","thomas.garcia@example.com","Thomas Garcia","thomas.garcia@example.com","Thomas Garcia","Main Studio",""
"Product","Studio Merchandise","2025-09-12, 4:46 AM","25.00","0.00","0.00","Card","Succeeded","200000379","","james.martinez@example.com","James Martinez","james.martinez@example.com","James Martinez","Main Studio",""
"Class","Intro to Pole: Dance","2025-09-21, 3:09 PM","35.00","0.00","0.00","Card","Succeeded","200000380","","sophia.thomas@example.com","Sophia Thomas","sophia.thomas@example.com","Sophia Thomas","Main Studio",""
"Class","Intro to Pole: Dance","2025-09-01, 12:07 PM","35.00","0.00","0.00","Card","Succeeded","200000381","","robert.williams@example.com","Robert Williams","robert.williams@example.com","Robert Williams","Main Studio",""
"Pack","New Flyer 6 Class Pack","2025-09-20, 1:05 AM","69.00","0.00","0.00","Card","Succeeded","200000382","","harper.garcia@example.com","Harper Garcia","harper.garcia@example.com","Harper Garcia","Main Studio",""
"Pack","5 Class Package","2025-09-05, 4:25 PM","150.00","0.00","0.00","Card","Succeeded","200000383","","michael.taylor@example.com","Michael Taylor","michael.taylor@example.com","Michael Taylor","Main Studio",""
"Appointment","1 Hr Private Lesson","2025-09-22, 11:51 AM","95.00","0.00","0.00","Card","Succeeded","200000384","","william.thomas@example.com","William Thomas","william.thomas@example.com","William Thomas","Main Studio",""
"Appointment","30 Min Private Lesson","2025-09-22, 12:26 AM","50.00","0.00","0.00","Card","Succeeded","200000385","","evelyn.anderson@example.com","Evelyn Anderson","evelyn.anderson@example.com","Evelyn Anderson","Main Studio",""
"Pack","10 Class Package","2025-09-15, 8:13 AM","280.00","0.00","0.00","Card","Succeeded","200000386","","isabella.martinez@example.com","Isabella Martinez","isabella.martinez@example.com","Isabella Martinez","Main Studio",""
"Appointment","30 Min Private Lesson","2025-09-12, 7:35 PM","50.00","0.00","0.00","Card","Succeeded","200000387","","david.lopez@example.com","David Lopez","david.lopez@example.com","David Lopez","Main Studio",""
"Subscription","8-Class Monthly Membership- $189","2025-09-23, 6:15 AM","189.00","0.00","0.00","Card","Succeeded","200000388","","joseph.gonzalez@example.com","Joseph Gonzalez","joseph.gonzalez@example.com","Joseph Gonzalez","Main Studio",""
"Class","Pole Level 2","2025-09-05, 1:04 AM","35.00","0.00","0.00","Card","Succeeded","200000389","","sophia.gonzalez@example.com","Sophia Gonzalez","sophia.gonzalez@example.com","Sophia Gonzalez","Main Studio",""
"Pack","10 Class Package","2025-09-07, 12:57 PM","280.00","0.00","0.00","Card","Succeeded","200000390","","amelia.anderson@example.com","Amelia Anderson","amelia.anderson@example.com","Amelia Anderson","Main Studio",""
"Appointment","30 Min Private Lesson","2025-09-10, 7:20 AM","50.00","0.00","0.00","Card","Succeeded","200000391","","emma.anderson@example.com","Emma Anderson","emma.anderson@example.com","Emma Anderson","Main Studio",""
"Class","Pole Level 2","2025-09-10, 12:24 AM","35.00","0.00","0.00","Card","Succeeded","200000392","","john.lopez@example.com","John Lopez","john.lopez@example.com","John Lopez","Main Studio",""
"Appointment","1 Hr Private Lesson","2025-09-10, 11:02 AM","95.00","0.00","0.00","Card","Succeeded","200000393","","john.taylor@example.com","John Taylor","john.taylor@example.com","John Taylor","Main Studio",""
"Appointment","30 Min Private Lesson","2025-09-17, 9:17 PM","50.00","0.00","0.00","Card","Succeeded","200000394","","charlotte.jackson@example.com","Charlotte Jackson","charlotte.jackson@example.com","Charlotte Jackson","Main Studio",""
"Class","Pole Level 1","2025-09-06, 4:48 AM","35.00","0.00","0.00","Card","Succeeded","200000395","","james.jackson@example.com","James Jackson","james.jackson@example.com","James Jackson","Main Studio",""
"Pack","5 Class Package","2025-09-12, 5:04 AM","150.00","0.00","0.00","Card","Succeeded","200000396","","harper.jones@example.com","Harper Jones","harper.jones@example.com","Harper Jones","Main Studio",""
"Class","Pole Level 1","2025-09-20, 5:56 PM","35.00","0.00","0.00","Card","Succeeded","200000397","","ava.garcia@example.com","Ava Garcia","ava.garcia@example.com","Ava Garcia","Main Studio",""
"Product","Studio Merchandise","2025-09-22, 1:16 PM","25.00","0.00","0.00","Card","Succeeded","200000398","","john.jones@example.com","John Jones","john.jones@example.com","John Jones","Main Studio",""
"Appointment","1 Hr Private Lesson","2025-09-02, 7:20 AM","95.00","0.00","0.00","Card","Succeeded","200000399","","charles.jackson@example.com","Charles Jackson","charles.jackson@example.com","Charles Jackson","Main Studio",""
"Pack","New Flyer 3 Class Pack","2025-09-23, 1:05 AM","59.00","0.00","0.00","Card","Succeeded","200000400","","mia.jackson@example.com","Mia Jackson","mia.jackson@example.com","Mia Jackson","Main Studio",""
"Class","Pole Level 1","2025-09-10, 2:15 PM","35.00","0.00","0.00","Card","Succeeded","200000401","","robert.jackson@example.com","Robert Jackson","robert.jackson@example.com","Robert Jackson","Main Studio",""
"Class","Intro to Pole: Dance","2025-09-22, 2:30 PM","35.00","0.00","0.00","Card","Succeeded","200000402","","ava.miller@example.com","Ava Miller","ava.miller@example.com","Ava Miller","Main Studio",""
"Product","Studio Merchandise","2025-09-23, 1:08 AM","25.00","0.00","0.00","Card","Succeeded","200000403","","emma.martinez@example.com","Emma Martinez","emma.martinez@example.com","Emma Martinez","Main Studio",""
"Appointment","1 Hr Private Lesson","2025-09-12, 2:17 PM","95.00","0.00","0.00","Card","Succeeded","200000404","","amelia.lopez@example.com","Amelia Lopez","amelia.lopez@example.com","Amelia Lopez","Main Studio",""
"Pack","New Flyer 6 Class Pack","2025-09-20, 10:02 PM","69.00","0.00","0.00","Card","Succeeded","200000405","","john.martin@example.com","John Martin","john.martin@example.com","John Martin","Main Studio",""
"Class","Intro to Pole: Dance","2025-09-01, 2:20 AM","35.00","0.00","0.00","Card","Succeeded","200000406","","william.jackson@example.com","William Jackson","william.jackson@example.com","William Jackson","Main Studio",""
"Class","Pole Level 2","2025-09-15, 11:14 AM","35.00","0.00","0.00","Card","Succeeded","200000407","","mia.anderson@example.com","Mia Anderson","mia.anderson@example.com","Mia Anderson","Main Studio",""
"Class","Pole Level 2","2025-09-12, 8:56 PM","35.00","0.00","0.00","Card","Succeeded","200000408","","william.wilson@example.com","William Wilson","william.wilson@example.com","William Wilson","Main Studio",""
"Subscription","Unlimited Monthly Membership","2025-09-19, 4:37 PM","315.00","0.00","0.00","Card","Succeeded","200000409","","john.jackson@example.com","John Jackson","john.jackson@example.com","John Jackson","Main Studio",""
"Product","Dry Hands 2oz","2025-09-12, 2:42 PM","11.40","0.00","0.00","Card","Succeeded","200000410","","ava.moore@example.com","Ava Moore","ava.moore@example.com","Ava Moore","Main Studio",""
"Product","Dry Hands 2oz","2025-09-27, 4:47 AM","11.40","0.00","0.00","Card","Succeeded","200000411","","charlotte.jackson@example.com","Charlotte Jackson","charlotte.jackson@example.com","Charlotte Jackson","Main Studio",""
"Appointment","30 Min Private Lesson","2025-09-07, 3:29 PM","50.00","0.00","0.00","Card","Succeeded","200000412","","robert.martin@example.com","Robert Martin","robert.martin@example.com","Robert Martin","Main Studio",""
"Product","Studio Merchandise","2025-09-16, 1:42 PM","25.00","0.00","0.00","Card","Succeeded","200000413","","olivia.garcia@example.com","Olivia Garcia","olivia.garcia@example.com","Olivia Garcia","Main Studio",""
"Subscription","4-Class Monthly Membership","2025-09-08, 4:34 AM","99.00","0.00","0.00","Card","Succeeded","200000414","","mia.garcia@example.com","Mia Garcia","mia.garcia@example.com","Mia Garcia","Main Studio",""
"Product","Studio Merchandise","2025-09-22, 2:59 PM","25.00","0.00","0.00","Card","Succeeded","200000415","","olivia.wilson@example.com","Olivia Wilson","olivia.wilson@example.com","Olivia Wilson","Main Studio",""
"Appointment","1 Hr Private Lesson","2025-09-06, 4:51 PM","95.00","0.00","0.00","Card","Succeeded","200000416","","evelyn.davis@example.com","Evelyn Davis","evelyn.davis@example.com","Evelyn Davis","Main Studio",""
"Pack","New Flyer 3 Class Pack","2025-09-11, 1:46 AM","59.00","0.00","0.00","Card","Succeeded","200000417","","david.smith@example.com","David Smith","david.smith@example.com","David Smith","Main Studio",""
"Product","Grip Aid","2025-09-21, 7:07 AM","15.00","0.00","0.00","Card","Succeeded","200000418","","robert.smith@example.com","Robert Smith","robert.smith@example.com","Robert Smith","Main Studio",""
"Class","Pole Level 1","2025-09-20, 10:34 AM","35.00","0.00","0.00","Card","Succeeded","200000419","","mia.jackson@example.com","Mia Jackson","mia.jackson@example.com","Mia Jackson","Main Studio",""
"Product","Studio Merchandise","2025-09-28, 8:21 PM","25.00","0.00","0.00","Card","Succeeded","200000420","","isabella.rodriguez@example.com","Isabella Rodriguez","isabella.rodriguez@example.com","Isabella Rodriguez","Main Studio",""
"Class","Intro to Pole: Dance","2025-09-27, 4:05 AM","35.00","0.00","0.00","Card","Succeeded","200000421","","evelyn.rodriguez@example.com","Evelyn Rodriguez","evelyn.rodriguez@example.com","Evelyn Rodriguez","Main Studio",""
"Product","Grip Aid","2025-09-01, 6:13 AM","15.00","0.00","0.00","Card","Succeeded","200000422","","ava.williams@example.com","Ava Williams","ava.williams@example.com","Ava Williams","Main Studio",""
"Class","Pole Level 1","2025-09-21, 11:18 PM","35.00","0.00","0.00","Card","Succeeded","200000423","","mia.gonzalez@example.com","Mia Gonzalez","mia.gonzalez@example.com","Mia Gonzalez","Main Studio",""
"Product","Dry Hands 2oz","2025-09-06, 8:00 AM","11.40","0.00","0.00","Card","Succeeded","200000424","","harper.wilson@example.com","Harper Wilson","harper.wilson@example.com","Harper Wilson","Main Studio",""
"Appointment","30 Min Private Lesson","2025-09-07, 6:06 AM","50.00","0.00","0.00","Card","Succeeded","200000425","","charlotte.smith@example.com","Charlotte Smith","charlotte.smith@example.com","Charlotte Smith","Main Studio",""
"Product","Studio Merchandise","2025-09-09, 8:51 AM","25.00","0.00","0.00","Card","Succeeded","200000426","","sophia.gonzalez@example.com","Sophia Gonzalez","sophia.gonzalez@example.com","Sophia Gonzalez","Main Studio",""
"Pack","10 Class Package","2025-09-22, 12:11 PM","280.00","0.00","0.00","Card","Succeeded","200000427","","isabella.wilson@example.com","Isabella Wilson","isabella.wilson@example.com","Isabella Wilson","Main Studio",""
"Pack","5 Class Package","2025-09-18, 4:00 PM","150.00","0.00","0.00","Card","Succeeded","200000428","","james.williams@example.com","James Williams","james.williams@example.com","James Williams","Main Studio",""
"Class","Pole Level 2","2025-09-20, 6:50 PM","35.00","0.00","0.00","Card","Succeeded","200000429","","olivia.moore@example.com","Olivia Moore","olivia.moore@example.com","Olivia Moore","Main Studio",""
"Pack","10 Class Package","2025-09-21, 7:24 PM","280.00","0.00","0.00","Card","Succeeded","200000430","","charles.gonzalez@example.com","Charles Gonzalez","charles.gonzalez@example.com","Charles Gonzalez","Main Studio",""
"Product","Dry Hands 2oz","2025-09-18, 12:49 PM","11.40","0.00","0.00","Card","Succeeded","200000431","","sophia.johnson@example.com","Sophia Johnson","sophia.johnson@example.com","Sophia Johnson","Main Studio",""
"Subscription","Unlimited Monthly Membership","2025-09-01, 11:29 AM","315.00","0.00","0.00","Card","Succeeded","200000432","","sophia.jones@example.com","Sophia Jones","sophia.jones@example.com","Sophia Jones","Main Studio",""
"Appointment","1 Hr Private Lesson","2025-09-18, 11:50 PM","95.00","0.00","0.00","Card","Succeeded","200000433","","david.gonzalez@example.com","David Gonzalez","david.gonzalez@example.com","David Gonzalez","Main Studio",""
"Appointment","1 Hr Private Lesson","2025-09-05, 2:23 AM","95.00","0.00","0.00","Card","Succeeded","200000434","","joseph.anderson@example.com","Joseph Anderson","joseph.anderson@example.com","Joseph Anderson","Main Studio",""
"Class","Pole Level 1","2025-09-14, 10:38 PM","35.00","0.00","0.00","Card","Succeeded","200000435","","sophia.anderson@example.com","Sophia Anderson","sophia.anderson@example.com","Sophia Anderson","Main Studio",""
"Appointment","1 Hr Private Lesson","2025-09-23, 8:08 PM","95.00","0.00","0.00","Card","Succeeded","200000436","","evelyn.hernandez@example.com","Evelyn Hernandez","evelyn.hernandez@example.com","Evelyn Hernandez","Main Studio",""
"Appointment","30 Min Private Lesson","2025-09-10, 6:26 PM","50.00","0.00","0.00","Card","Succeeded","200000437","","william.wilson@example.com","William Wilson","william.wilson@example.com","William Wilson","Main Studio",""
"Appointment","30 Min Private Lesson","2025-09-10, 9:36 AM","50.00","0.00","0.00","Card","Succeeded","200000438","","olivia.moore@example.com","Olivia Moore","olivia.moore@example.com","Olivia Moore","Main Studio",""
"Pack","New Flyer 6 Class Pack","2025-09-18, 6:43 AM","69.00","0.00","0.00","Card","Succeeded","200000439","","michael.hernandez@example.com","Michael Hernandez","michael.hernandez@example.com","Michael Hernandez","Main Studio",""
"Appointment","1 Hr Private Lesson","2025-09-18, 1:47 AM","95.00","0.00","0.00","Card","Succeeded","200000440","","james.davis@example.com","James Davis","james.davis@example.com","James Davis","Main Studio",""
"Product","Studio Merchandise","2025-09-26, 3:56 PM","25.00","0.00","0.00","Card","Succeeded","200000441","","sophia.lopez@example.com","Sophia Lopez","sophia.lopez@example.com","Sophia Lopez","Main Studio",""
"Product","Studio Merchandise","2025-09-03, 10:39 PM","25.00","0.00","0.00","Card","Succeeded","200000442","","charles.davis@example.com","Charles Davis","charles.davis@example.com","Charles Davis","Main Studio",""
"Appointment","30 Min Private Lesson","2025-09-25, 3:03 PM","50.00","0.00","0.00","Card","Succeeded","200000443","","charlotte.hernandez@example.com","Charlotte Hernandez","charlotte.hernandez@example.com","Charlotte Hernandez","Main Studio",""
"Subscription","4-Class Monthly Membership","2025-09-24, 10:59 PM","99.00","0.00","0.00","Card","Succeeded","200000444","","emma.brown@example.com","Emma Brown","emma.brown@example.com","Emma Brown","Main Studio",""
"Subscription","12-Class Monthly Membership-$269","2025-09-20, 2:57 PM","269.00","0.00","0.00","Card","Succeeded","200000445","","isabella.jackson@example.com","Isabella Jackson","isabella.jackson@example.com","Isabella Jackson","Main Studio",""
"Appointment","30 Min Private Lesson","2025-09-28, 10:52 AM","50.00","0.00","0.00","Card","Succeeded","200000446","","mia.smith@example.com","Mia Smith","mia.smith@example.com","Mia Smith","Main Studio",""
"Appointment","30 Min Private Lesson","2025-09-13, 1:41 PM","50.00","0.00","0.00","Card","Succeeded","200000447","","emma.brown@example.com","Emma Brown","emma.brown@example.com","Emma Brown","Main Studio",""
"Subscription","4-Class Monthly Membership","2025-09-20, 6:17 PM","99.00","0.00","0.00","Card","Succeeded","200000448","","evelyn.jones@example.com","Evelyn Jones","evelyn.jones@example.com","Evelyn Jones","Main Studio",""
"Subscription","8-Class Monthly Membership- $189","2025-09-13, 8:44 AM","189.00","0.00","0.00","Card","Succeeded","200000449","","thomas.moore@example.com","Thomas Moore","thomas.moore@example.com","Thomas Moore","Main Studio",""